Incident_ID,Location_ID,Location_Name,City,State,Country,Latitude,Longitude
INC00001,LOC0057,Bhopal Site 4,Bhopal,Madhya Pradesh,India,23.212368,77.296915
INC00002,LOC0080,Chennai Site 6,Chennai,Tamil Nadu,India,13.042756,80.175904
INC00003,LOC0086,Patna Site 6,Patna,Bihar,India,25.541717,85.173286
INC00004,LOC0096,Hyderabad Site 7,Hyderabad,Telangana,India,17.522893,78.472338
INC00005,LOC0040,Lucknow Site 3,Lucknow,Uttar Pradesh,India,26.896747,80.921452
INC00006,LOC0091,Delhi Site 7,Delhi,Delhi,India,28.71838,77.226551
INC00007,LOC0012,Bhopal Site 1,Bhopal,Madhya Pradesh,India,23.357703,77.400238
INC00008,LOC0038,Ahmedabad Site 3,Ahmedabad,Gujarat,India,23.033894,72.626639
INC00009,LOC0027,Bhopal Site 2,Bhopal,Madhya Pradesh,India,23.143328,77.387026
INC00010,LOC0093,Bengaluru Site 7,Bengaluru,Karnataka,India,13.005901,77.71746
INC00011,LOC0061,Delhi Site 5,Delhi,Delhi,India,28.53202,77.223342
INC00012,LOC0037,Pune Site 3,Pune,Maharashtra,India,18.446844,73.896473
INC00013,LOC0016,Delhi Site 2,Delhi,Delhi,India,28.785232,77.176487
INC00014,LOC0079,Kolkata Site 6,Kolkata,West Bengal,India,22.583022,88.442519
INC00015,LOC0066,Hyderabad Site 5,Hyderabad,Telangana,India,17.353815,78.376565
INC00016,LOC0086,Patna Site 6,Patna,Bihar,India,25.541717,85.173286
INC00017,LOC0044,Bhubaneswar Site 3,Bhubaneswar,Odisha,India,20.258548,85.8255
INC00018,LOC0015,Chandigarh Site 1,Chandigarh,Chandigarh,India,30.766319,76.813866
INC00019,LOC0034,Kolkata Site 3,Kolkata,West Bengal,India,22.544702,88.326912
INC00020,LOC0063,Bengaluru Site 5,Bengaluru,Karnataka,India,13.038409,77.62315
INC00021,LOC0025,Lucknow Site 2,Lucknow,Uttar Pradesh,India,26.901013,80.951606
INC00022,LOC0008,Ahmedabad Site 1,Ahmedabad,Gujarat,India,23.059901,72.502657
INC00023,LOC0083,Ahmedabad Site 6,Ahmedabad,Gujarat,India,23.089579,72.499166
INC00024,LOC0054,Jaipur Site 4,Jaipur,Rajasthan,India,26.836398,75.760177
INC00025,LOC0040,Lucknow Site 3,Lucknow,Uttar Pradesh,India,26.896747,80.921452
INC00026,LOC0056,Patna Site 4,Patna,Bihar,India,25.628854,85.156619
INC00027,LOC0074,Bhubaneswar Site 5,Bhubaneswar,Odisha,India,20.247132,85.813237
INC00028,LOC0001,Delhi Site 1,Delhi,Delhi,India,28.638277,77.125801
INC00029,LOC0045,Chandigarh Site 3,Chandigarh,Chandigarh,India,30.77176,76.815122
INC00030,LOC0026,Patna Site 2,Patna,Bihar,India,25.61723,85.188103
INC00031,LOC0010,Lucknow Site 1,Lucknow,Uttar Pradesh,India,26.916976,80.942206
INC00032,LOC0004,Kolkata Site 1,Kolkata,West Bengal,India,22.582827,88.338601
INC00033,LOC0045,Chandigarh Site 3,Chandigarh,Chandigarh,India,30.77176,76.815122
INC00034,LOC0055,Lucknow Site 4,Lucknow,Uttar Pradesh,India,26.913925,80.808014
INC00035,LOC0051,Hyderabad Site 4,Hyderabad,Telangana,India,17.354747,78.590638
INC00036,LOC0079,Kolkata Site 6,Kolkata,West Bengal,India,22.583022,88.442519
INC00037,LOC0046,Delhi Site 4,Delhi,Delhi,India,28.667131,77.201121
INC00038,LOC0059,Bhubaneswar Site 4,Bhubaneswar,Odisha,India,20.314714,85.826248
INC00039,LOC0082,Pune Site 6,Pune,Maharashtra,India,18.690678,73.790989
INC00040,LOC0066,Hyderabad Site 5,Hyderabad,Telangana,India,17.353815,78.376565
INC00041,LOC0092,Mumbai Site 7,Mumbai,Maharashtra,India,19.043126,72.966203
INC00042,LOC0023,Ahmedabad Site 2,Ahmedabad,Gujarat,India,23.031835,72.588895
INC00043,LOC0079,Kolkata Site 6,Kolkata,West Bengal,India,22.583022,88.442519
INC00044,LOC0070,Lucknow Site 5,Lucknow,Uttar Pradesh,India,27.006438,81.179309
INC00045,LOC0059,Bhubaneswar Site 4,Bhubaneswar,Odisha,India,20.314714,85.826248
INC00046,LOC0001,Delhi Site 1,Delhi,Delhi,India,28.638277,77.125801
INC00047,LOC0055,Lucknow Site 4,Lucknow,Uttar Pradesh,India,26.913925,80.808014
INC00048,LOC0086,Patna Site 6,Patna,Bihar,India,25.541717,85.173286
INC00049,LOC0065,Chennai Site 5,Chennai,Tamil Nadu,India,13.03152,80.196574
INC00050,LOC0001,Delhi Site 1,Delhi,Delhi,India,28.638277,77.125801
INC00051,LOC0029,Bhubaneswar Site 2,Bhubaneswar,Odisha,India,20.274089,85.944095
INC00052,LOC0057,Bhopal Site 4,Bhopal,Madhya Pradesh,India,23.212368,77.296915
INC00053,LOC0082,Pune Site 6,Pune,Maharashtra,India,18.690678,73.790989
INC00054,LOC0045,Chandigarh Site 3,Chandigarh,Chandigarh,India,30.77176,76.815122
INC00055,LOC0086,Patna Site 6,Patna,Bihar,India,25.541717,85.173286
INC00056,LOC0080,Chennai Site 6,Chennai,Tamil Nadu,India,13.042756,80.175904
INC00057,LOC0027,Bhopal Site 2,Bhopal,Madhya Pradesh,India,23.143328,77.387026
INC00058,LOC0020,Chennai Site 2,Chennai,Tamil Nadu,India,13.016742,80.322747
INC00059,LOC0091,Delhi Site 7,Delhi,Delhi,India,28.71838,77.226551
INC00060,LOC0059,Bhubaneswar Site 4,Bhubaneswar,Odisha,India,20.314714,85.826248
INC00061,LOC0085,Lucknow Site 6,Lucknow,Uttar Pradesh,India,26.834169,80.942939
INC00062,LOC0093,Bengaluru Site 7,Bengaluru,Karnataka,India,13.005901,77.71746
INC00063,LOC0043,Kochi Site 3,Kochi,Kerala,India,9.835533,76.306258
INC00064,LOC0005,Chennai Site 1,Chennai,Tamil Nadu,India,13.081356,80.202456
INC00065,LOC0091,Delhi Site 7,Delhi,Delhi,India,28.71838,77.226551
INC00066,LOC0059,Bhubaneswar Site 4,Bhubaneswar,Odisha,India,20.314714,85.826248
INC00067,LOC0013,Kochi Site 1,Kochi,Kerala,India,9.896934,76.239129
INC00068,LOC0053,Ahmedabad Site 4,Ahmedabad,Gujarat,India,22.947811,72.554965
INC00069,LOC0003,Bengaluru Site 1,Bengaluru,Karnataka,India,12.815517,77.490426
INC00070,LOC0029,Bhubaneswar Site 2,Bhubaneswar,Odisha,India,20.274089,85.944095
INC00071,LOC0035,Chennai Site 3,Chennai,Tamil Nadu,India,13.151338,80.255396
INC00072,LOC0046,Delhi Site 4,Delhi,Delhi,India,28.667131,77.201121
INC00073,LOC0057,Bhopal Site 4,Bhopal,Madhya Pradesh,India,23.212368,77.296915
INC00074,LOC0084,Jaipur Site 6,Jaipur,Rajasthan,India,26.986926,75.818096
INC00075,LOC0036,Hyderabad Site 3,Hyderabad,Telangana,India,17.282945,78.396037
INC00076,LOC0074,Bhubaneswar Site 5,Bhubaneswar,Odisha,India,20.247132,85.813237
INC00077,LOC0095,Chennai Site 7,Chennai,Tamil Nadu,India,12.973247,80.402774
INC00078,LOC0075,Chandigarh Site 5,Chandigarh,Chandigarh,India,30.818578,76.791964
INC00079,LOC0026,Patna Site 2,Patna,Bihar,India,25.61723,85.188103
INC00080,LOC0068,Ahmedabad Site 5,Ahmedabad,Gujarat,India,22.904835,72.490154
INC00081,LOC0029,Bhubaneswar Site 2,Bhubaneswar,Odisha,India,20.274089,85.944095
INC00082,LOC0048,Bengaluru Site 4,Bengaluru,Karnataka,India,12.836613,77.478831
INC00083,LOC0064,Kolkata Site 5,Kolkata,West Bengal,India,22.689664,88.268799
INC00084,LOC0030,Chandigarh Site 2,Chandigarh,Chandigarh,India,30.664034,76.856862
INC00085,LOC0001,Delhi Site 1,Delhi,Delhi,India,28.638277,77.125801
INC00086,LOC0084,Jaipur Site 6,Jaipur,Rajasthan,India,26.986926,75.818096
INC00087,LOC0073,Kochi Site 5,Kochi,Kerala,India,9.866165,76.234071
INC00088,LOC0013,Kochi Site 1,Kochi,Kerala,India,9.896934,76.239129
INC00089,LOC0038,Ahmedabad Site 3,Ahmedabad,Gujarat,India,23.033894,72.626639
INC00090,LOC0027,Bhopal Site 2,Bhopal,Madhya Pradesh,India,23.143328,77.387026
INC00091,LOC0098,Ahmedabad Site 7,Ahmedabad,Gujarat,India,22.933936,72.499822
INC00092,LOC0095,Chennai Site 7,Chennai,Tamil Nadu,India,12.973247,80.402774
INC00093,LOC0070,Lucknow Site 5,Lucknow,Uttar Pradesh,India,27.006438,81.179309
INC00094,LOC0045,Chandigarh Site 3,Chandigarh,Chandigarh,India,30.77176,76.815122
INC00095,LOC0006,Hyderabad Site 1,Hyderabad,Telangana,India,17.455352,78.548923
INC00096,LOC0025,Lucknow Site 2,Lucknow,Uttar Pradesh,India,26.901013,80.951606
INC00097,LOC0010,Lucknow Site 1,Lucknow,Uttar Pradesh,India,26.916976,80.942206
INC00098,LOC0079,Kolkata Site 6,Kolkata,West Bengal,India,22.583022,88.442519
INC00099,LOC0009,Jaipur Site 1,Jaipur,Rajasthan,India,26.9419,75.710589
INC00100,LOC0068,Ahmedabad Site 5,Ahmedabad,Gujarat,India,22.904835,72.490154
INC00101,LOC0096,Hyderabad Site 7,Hyderabad,Telangana,India,17.522893,78.472338
INC00102,LOC0031,Delhi Site 3,Delhi,Delhi,India,28.47927,77.182209
INC00103,LOC0069,Jaipur Site 5,Jaipur,Rajasthan,India,26.937481,75.85435
INC00104,LOC0088,Kochi Site 6,Kochi,Kerala,India,9.828965,76.281107
INC00105,LOC0043,Kochi Site 3,Kochi,Kerala,India,9.835533,76.306258
INC00106,LOC0045,Chandigarh Site 3,Chandigarh,Chandigarh,India,30.77176,76.815122
INC00107,LOC0021,Hyderabad Site 2,Hyderabad,Telangana,India,17.44446,78.530152
INC00108,LOC0043,Kochi Site 3,Kochi,Kerala,India,9.835533,76.306258
INC00109,LOC0088,Kochi Site 6,Kochi,Kerala,India,9.828965,76.281107
INC00110,LOC0067,Pune Site 5,Pune,Maharashtra,India,18.571212,73.838922
INC00111,LOC0021,Hyderabad Site 2,Hyderabad,Telangana,India,17.44446,78.530152
INC00112,LOC0053,Ahmedabad Site 4,Ahmedabad,Gujarat,India,22.947811,72.554965
INC00113,LOC0071,Patna Site 5,Patna,Bihar,India,25.627253,85.058437
INC00114,LOC0008,Ahmedabad Site 1,Ahmedabad,Gujarat,India,23.059901,72.502657
INC00115,LOC0077,Mumbai Site 6,Mumbai,Maharashtra,India,18.942025,72.838795
INC00116,LOC0021,Hyderabad Site 2,Hyderabad,Telangana,India,17.44446,78.530152
INC00117,LOC0030,Chandigarh Site 2,Chandigarh,Chandigarh,India,30.664034,76.856862
INC00118,LOC0042,Bhopal Site 3,Bhopal,Madhya Pradesh,India,23.230856,77.382061
INC00119,LOC0051,Hyderabad Site 4,Hyderabad,Telangana,India,17.354747,78.590638
INC00120,LOC0092,Mumbai Site 7,Mumbai,Maharashtra,India,19.043126,72.966203
INC00121,LOC0023,Ahmedabad Site 2,Ahmedabad,Gujarat,India,23.031835,72.588895
INC00122,LOC0026,Patna Site 2,Patna,Bihar,India,25.61723,85.188103
INC00123,LOC0038,Ahmedabad Site 3,Ahmedabad,Gujarat,India,23.033894,72.626639
INC00124,LOC0086,Patna Site 6,Patna,Bihar,India,25.541717,85.173286
INC00125,LOC0097,Pune Site 7,Pune,Maharashtra,India,18.489745,73.973616
INC00126,LOC0046,Delhi Site 4,Delhi,Delhi,India,28.667131,77.201121
INC00127,LOC0070,Lucknow Site 5,Lucknow,Uttar Pradesh,India,27.006438,81.179309
INC00128,LOC0092,Mumbai Site 7,Mumbai,Maharashtra,India,19.043126,72.966203
INC00129,LOC0085,Lucknow Site 6,Lucknow,Uttar Pradesh,India,26.834169,80.942939
INC00130,LOC0069,Jaipur Site 5,Jaipur,Rajasthan,India,26.937481,75.85435
INC00131,LOC0055,Lucknow Site 4,Lucknow,Uttar Pradesh,India,26.913925,80.808014
INC00132,LOC0099,Jaipur Site 7,Jaipur,Rajasthan,India,26.963866,75.755732
INC00133,LOC0024,Jaipur Site 2,Jaipur,Rajasthan,India,26.982114,75.805188
INC00134,LOC0037,Pune Site 3,Pune,Maharashtra,India,18.446844,73.896473
INC00135,LOC0072,Bhopal Site 5,Bhopal,Madhya Pradesh,India,23.089336,77.434017
INC00136,LOC0003,Bengaluru Site 1,Bengaluru,Karnataka,India,12.815517,77.490426
INC00137,LOC0051,Hyderabad Site 4,Hyderabad,Telangana,India,17.354747,78.590638
INC00138,LOC0086,Patna Site 6,Patna,Bihar,India,25.541717,85.173286
INC00139,LOC0018,Bengaluru Site 2,Bengaluru,Karnataka,India,13.020878,77.684918
INC00140,LOC0081,Hyderabad Site 6,Hyderabad,Telangana,India,17.307791,78.428682
INC00141,LOC0042,Bhopal Site 3,Bhopal,Madhya Pradesh,India,23.230856,77.382061
INC00142,LOC0087,Bhopal Site 6,Bhopal,Madhya Pradesh,India,23.223501,77.314552
INC00143,LOC0064,Kolkata Site 5,Kolkata,West Bengal,India,22.689664,88.268799
INC00144,LOC0016,Delhi Site 2,Delhi,Delhi,India,28.785232,77.176487
INC00145,LOC0074,Bhubaneswar Site 5,Bhubaneswar,Odisha,India,20.247132,85.813237
INC00146,LOC0006,Hyderabad Site 1,Hyderabad,Telangana,India,17.455352,78.548923
INC00147,LOC0025,Lucknow Site 2,Lucknow,Uttar Pradesh,India,26.901013,80.951606
INC00148,LOC0089,Bhubaneswar Site 6,Bhubaneswar,Odisha,India,20.422427,85.837299
INC00149,LOC0088,Kochi Site 6,Kochi,Kerala,India,9.828965,76.281107
INC00150,LOC0005,Chennai Site 1,Chennai,Tamil Nadu,India,13.081356,80.202456
INC00151,LOC0038,Ahmedabad Site 3,Ahmedabad,Gujarat,India,23.033894,72.626639
INC00152,LOC0010,Lucknow Site 1,Lucknow,Uttar Pradesh,India,26.916976,80.942206
INC00153,LOC0028,Kochi Site 2,Kochi,Kerala,India,9.89357,76.21619
INC00154,LOC0097,Pune Site 7,Pune,Maharashtra,India,18.489745,73.973616
INC00155,LOC0020,Chennai Site 2,Chennai,Tamil Nadu,India,13.016742,80.322747
INC00156,LOC0065,Chennai Site 5,Chennai,Tamil Nadu,India,13.03152,80.196574
INC00157,LOC0081,Hyderabad Site 6,Hyderabad,Telangana,India,17.307791,78.428682
INC00158,LOC0089,Bhubaneswar Site 6,Bhubaneswar,Odisha,India,20.422427,85.837299
INC00159,LOC0036,Hyderabad Site 3,Hyderabad,Telangana,India,17.282945,78.396037
INC00160,LOC0070,Lucknow Site 5,Lucknow,Uttar Pradesh,India,27.006438,81.179309
INC00161,LOC0049,Kolkata Site 4,Kolkata,West Bengal,India,22.466784,88.28412
INC00162,LOC0011,Patna Site 1,Patna,Bihar,India,25.579311,85.083126
INC00163,LOC0023,Ahmedabad Site 2,Ahmedabad,Gujarat,India,23.031835,72.588895
INC00164,LOC0075,Chandigarh Site 5,Chandigarh,Chandigarh,India,30.818578,76.791964
INC00165,LOC0069,Jaipur Site 5,Jaipur,Rajasthan,India,26.937481,75.85435
INC00166,LOC0053,Ahmedabad Site 4,Ahmedabad,Gujarat,India,22.947811,72.554965
INC00167,LOC0079,Kolkata Site 6,Kolkata,West Bengal,India,22.583022,88.442519
INC00168,LOC0070,Lucknow Site 5,Lucknow,Uttar Pradesh,India,27.006438,81.179309
INC00169,LOC0034,Kolkata Site 3,Kolkata,West Bengal,India,22.544702,88.326912
INC00170,LOC0030,Chandigarh Site 2,Chandigarh,Chandigarh,India,30.664034,76.856862
INC00171,LOC0095,Chennai Site 7,Chennai,Tamil Nadu,India,12.973247,80.402774
INC00172,LOC0098,Ahmedabad Site 7,Ahmedabad,Gujarat,India,22.933936,72.499822
INC00173,LOC0004,Kolkata Site 1,Kolkata,West Bengal,India,22.582827,88.338601
INC00174,LOC0080,Chennai Site 6,Chennai,Tamil Nadu,India,13.042756,80.175904
INC00175,LOC0014,Bhubaneswar Site 1,Bhubaneswar,Odisha,India,20.338685,85.853736
INC00176,LOC0087,Bhopal Site 6,Bhopal,Madhya Pradesh,India,23.223501,77.314552
INC00177,LOC0059,Bhubaneswar Site 4,Bhubaneswar,Odisha,India,20.314714,85.826248
INC00178,LOC0069,Jaipur Site 5,Jaipur,Rajasthan,India,26.937481,75.85435
INC00179,LOC0071,Patna Site 5,Patna,Bihar,India,25.627253,85.058437
INC00180,LOC0061,Delhi Site 5,Delhi,Delhi,India,28.53202,77.223342
INC00181,LOC0026,Patna Site 2,Patna,Bihar,India,25.61723,85.188103
INC00182,LOC0081,Hyderabad Site 6,Hyderabad,Telangana,India,17.307791,78.428682
INC00183,LOC0056,Patna Site 4,Patna,Bihar,India,25.628854,85.156619
INC00184,LOC0055,Lucknow Site 4,Lucknow,Uttar Pradesh,India,26.913925,80.808014
INC00185,LOC0032,Mumbai Site 3,Mumbai,Maharashtra,India,19.08902,72.924598
INC00186,LOC0002,Mumbai Site 1,Mumbai,Maharashtra,India,19.136036,72.952945
INC00187,LOC0056,Patna Site 4,Patna,Bihar,India,25.628854,85.156619
INC00188,LOC0035,Chennai Site 3,Chennai,Tamil Nadu,India,13.151338,80.255396
INC00189,LOC0066,Hyderabad Site 5,Hyderabad,Telangana,India,17.353815,78.376565
INC00190,LOC0037,Pune Site 3,Pune,Maharashtra,India,18.446844,73.896473
INC00191,LOC0098,Ahmedabad Site 7,Ahmedabad,Gujarat,India,22.933936,72.499822
INC00192,LOC0069,Jaipur Site 5,Jaipur,Rajasthan,India,26.937481,75.85435
INC00193,LOC0046,Delhi Site 4,Delhi,Delhi,India,28.667131,77.201121
INC00194,LOC0071,Patna Site 5,Patna,Bihar,India,25.627253,85.058437
INC00195,LOC0065,Chennai Site 5,Chennai,Tamil Nadu,India,13.03152,80.196574
INC00196,LOC0063,Bengaluru Site 5,Bengaluru,Karnataka,India,13.038409,77.62315
INC00197,LOC0058,Kochi Site 4,Kochi,Kerala,India,9.93697,76.224941
INC00198,LOC0094,Kolkata Site 7,Kolkata,West Bengal,India,22.587259,88.265942
INC00199,LOC0032,Mumbai Site 3,Mumbai,Maharashtra,India,19.08902,72.924598
INC00200,LOC0044,Bhubaneswar Site 3,Bhubaneswar,Odisha,India,20.258548,85.8255
INC00201,LOC0026,Patna Site 2,Patna,Bihar,India,25.61723,85.188103
INC00202,LOC0057,Bhopal Site 4,Bhopal,Madhya Pradesh,India,23.212368,77.296915
INC00203,LOC0099,Jaipur Site 7,Jaipur,Rajasthan,India,26.963866,75.755732
INC00204,LOC0061,Delhi Site 5,Delhi,Delhi,India,28.53202,77.223342
INC00205,LOC0021,Hyderabad Site 2,Hyderabad,Telangana,India,17.44446,78.530152
INC00206,LOC0093,Bengaluru Site 7,Bengaluru,Karnataka,India,13.005901,77.71746
INC00207,LOC0080,Chennai Site 6,Chennai,Tamil Nadu,India,13.042756,80.175904
INC00208,LOC0045,Chandigarh Site 3,Chandigarh,Chandigarh,India,30.77176,76.815122
INC00209,LOC0015,Chandigarh Site 1,Chandigarh,Chandigarh,India,30.766319,76.813866
INC00210,LOC0041,Patna Site 3,Patna,Bihar,India,25.630642,85.084646
INC00211,LOC0081,Hyderabad Site 6,Hyderabad,Telangana,India,17.307791,78.428682
INC00212,LOC0058,Kochi Site 4,Kochi,Kerala,India,9.93697,76.224941
INC00213,LOC0019,Kolkata Site 2,Kolkata,West Bengal,India,22.563484,88.296687
INC00214,LOC0016,Delhi Site 2,Delhi,Delhi,India,28.785232,77.176487
INC00215,LOC0097,Pune Site 7,Pune,Maharashtra,India,18.489745,73.973616
INC00216,LOC0045,Chandigarh Site 3,Chandigarh,Chandigarh,India,30.77176,76.815122
INC00217,LOC0069,Jaipur Site 5,Jaipur,Rajasthan,India,26.937481,75.85435
INC00218,LOC0037,Pune Site 3,Pune,Maharashtra,India,18.446844,73.896473
INC00219,LOC0010,Lucknow Site 1,Lucknow,Uttar Pradesh,India,26.916976,80.942206
INC00220,LOC0042,Bhopal Site 3,Bhopal,Madhya Pradesh,India,23.230856,77.382061
INC00221,LOC0070,Lucknow Site 5,Lucknow,Uttar Pradesh,India,27.006438,81.179309
INC00222,LOC0034,Kolkata Site 3,Kolkata,West Bengal,India,22.544702,88.326912
INC00223,LOC0061,Delhi Site 5,Delhi,Delhi,India,28.53202,77.223342
INC00224,LOC0044,Bhubaneswar Site 3,Bhubaneswar,Odisha,India,20.258548,85.8255
INC00225,LOC0034,Kolkata Site 3,Kolkata,West Bengal,India,22.544702,88.326912
INC00226,LOC0026,Patna Site 2,Patna,Bihar,India,25.61723,85.188103
INC00227,LOC0027,Bhopal Site 2,Bhopal,Madhya Pradesh,India,23.143328,77.387026
INC00228,LOC0026,Patna Site 2,Patna,Bihar,India,25.61723,85.188103
INC00229,LOC0072,Bhopal Site 5,Bhopal,Madhya Pradesh,India,23.089336,77.434017
INC00230,LOC0034,Kolkata Site 3,Kolkata,West Bengal,India,22.544702,88.326912
INC00231,LOC0075,Chandigarh Site 5,Chandigarh,Chandigarh,India,30.818578,76.791964
INC00232,LOC0032,Mumbai Site 3,Mumbai,Maharashtra,India,19.08902,72.924598
INC00233,LOC0033,Bengaluru Site 3,Bengaluru,Karnataka,India,13.028498,77.658068
INC00234,LOC0093,Bengaluru Site 7,Bengaluru,Karnataka,India,13.005901,77.71746
INC00235,LOC0088,Kochi Site 6,Kochi,Kerala,India,9.828965,76.281107
INC00236,LOC0041,Patna Site 3,Patna,Bihar,India,25.630642,85.084646
INC00237,LOC0027,Bhopal Site 2,Bhopal,Madhya Pradesh,India,23.143328,77.387026
INC00238,LOC0072,Bhopal Site 5,Bhopal,Madhya Pradesh,India,23.089336,77.434017
INC00239,LOC0007,Pune Site 1,Pune,Maharashtra,India,18.525682,73.946879
INC00240,LOC0046,Delhi Site 4,Delhi,Delhi,India,28.667131,77.201121
INC00241,LOC0060,Chandigarh Site 4,Chandigarh,Chandigarh,India,30.861442,76.760252
INC00242,LOC0068,Ahmedabad Site 5,Ahmedabad,Gujarat,India,22.904835,72.490154
INC00243,LOC0011,Patna Site 1,Patna,Bihar,India,25.579311,85.083126
INC00244,LOC0001,Delhi Site 1,Delhi,Delhi,India,28.638277,77.125801
INC00245,LOC0028,Kochi Site 2,Kochi,Kerala,India,9.89357,76.21619
INC00246,LOC0012,Bhopal Site 1,Bhopal,Madhya Pradesh,India,23.357703,77.400238
INC00247,LOC0051,Hyderabad Site 4,Hyderabad,Telangana,India,17.354747,78.590638
INC00248,LOC0092,Mumbai Site 7,Mumbai,Maharashtra,India,19.043126,72.966203
INC00249,LOC0029,Bhubaneswar Site 2,Bhubaneswar,Odisha,India,20.274089,85.944095
INC00250,LOC0046,Delhi Site 4,Delhi,Delhi,India,28.667131,77.201121
INC00251,LOC0022,Pune Site 2,Pune,Maharashtra,India,18.467159,73.875273
INC00252,LOC0005,Chennai Site 1,Chennai,Tamil Nadu,India,13.081356,80.202456
INC00253,LOC0071,Patna Site 5,Patna,Bihar,India,25.627253,85.058437
INC00254,LOC0026,Patna Site 2,Patna,Bihar,India,25.61723,85.188103
INC00255,LOC0055,Lucknow Site 4,Lucknow,Uttar Pradesh,India,26.913925,80.808014
INC00256,LOC0069,Jaipur Site 5,Jaipur,Rajasthan,India,26.937481,75.85435
INC00257,LOC0084,Jaipur Site 6,Jaipur,Rajasthan,India,26.986926,75.818096
INC00258,LOC0019,Kolkata Site 2,Kolkata,West Bengal,India,22.563484,88.296687
INC00259,LOC0059,Bhubaneswar Site 4,Bhubaneswar,Odisha,India,20.314714,85.826248
INC00260,LOC0092,Mumbai Site 7,Mumbai,Maharashtra,India,19.043126,72.966203
INC00261,LOC0049,Kolkata Site 4,Kolkata,West Bengal,India,22.466784,88.28412
INC00262,LOC0005,Chennai Site 1,Chennai,Tamil Nadu,India,13.081356,80.202456
INC00263,LOC0027,Bhopal Site 2,Bhopal,Madhya Pradesh,India,23.143328,77.387026
INC00264,LOC0080,Chennai Site 6,Chennai,Tamil Nadu,India,13.042756,80.175904
INC00265,LOC0080,Chennai Site 6,Chennai,Tamil Nadu,India,13.042756,80.175904
INC00266,LOC0032,Mumbai Site 3,Mumbai,Maharashtra,India,19.08902,72.924598
INC00267,LOC0020,Chennai Site 2,Chennai,Tamil Nadu,India,13.016742,80.322747
INC00268,LOC0030,Chandigarh Site 2,Chandigarh,Chandigarh,India,30.664034,76.856862
INC00269,LOC0025,Lucknow Site 2,Lucknow,Uttar Pradesh,India,26.901013,80.951606
INC00270,LOC0075,Chandigarh Site 5,Chandigarh,Chandigarh,India,30.818578,76.791964
INC00271,LOC0085,Lucknow Site 6,Lucknow,Uttar Pradesh,India,26.834169,80.942939
INC00272,LOC0005,Chennai Site 1,Chennai,Tamil Nadu,India,13.081356,80.202456
INC00273,LOC0075,Chandigarh Site 5,Chandigarh,Chandigarh,India,30.818578,76.791964
INC00274,LOC0076,Delhi Site 6,Delhi,Delhi,India,28.601209,77.126148
INC00275,LOC0062,Mumbai Site 5,Mumbai,Maharashtra,India,19.0936,72.986435
INC00276,LOC0088,Kochi Site 6,Kochi,Kerala,India,9.828965,76.281107
INC00277,LOC0004,Kolkata Site 1,Kolkata,West Bengal,India,22.582827,88.338601
INC00278,LOC0070,Lucknow Site 5,Lucknow,Uttar Pradesh,India,27.006438,81.179309
INC00279,LOC0013,Kochi Site 1,Kochi,Kerala,India,9.896934,76.239129
INC00280,LOC0090,Chandigarh Site 6,Chandigarh,Chandigarh,India,30.723809,76.802266
INC00281,LOC0050,Chennai Site 4,Chennai,Tamil Nadu,India,13.114682,80.198262
INC00282,LOC0010,Lucknow Site 1,Lucknow,Uttar Pradesh,India,26.916976,80.942206
INC00283,LOC0075,Chandigarh Site 5,Chandigarh,Chandigarh,India,30.818578,76.791964
INC00284,LOC0075,Chandigarh Site 5,Chandigarh,Chandigarh,India,30.818578,76.791964
INC00285,LOC0047,Mumbai Site 4,Mumbai,Maharashtra,India,19.042136,72.871323
INC00286,LOC0032,Mumbai Site 3,Mumbai,Maharashtra,India,19.08902,72.924598
INC00287,LOC0002,Mumbai Site 1,Mumbai,Maharashtra,India,19.136036,72.952945
INC00288,LOC0091,Delhi Site 7,Delhi,Delhi,India,28.71838,77.226551
INC00289,LOC0019,Kolkata Site 2,Kolkata,West Bengal,India,22.563484,88.296687
INC00290,LOC0085,Lucknow Site 6,Lucknow,Uttar Pradesh,India,26.834169,80.942939
INC00291,LOC0059,Bhubaneswar Site 4,Bhubaneswar,Odisha,India,20.314714,85.826248
INC00292,LOC0069,Jaipur Site 5,Jaipur,Rajasthan,India,26.937481,75.85435
INC00293,LOC0070,Lucknow Site 5,Lucknow,Uttar Pradesh,India,27.006438,81.179309
INC00294,LOC0086,Patna Site 6,Patna,Bihar,India,25.541717,85.173286
INC00295,LOC0004,Kolkata Site 1,Kolkata,West Bengal,India,22.582827,88.338601
INC00296,LOC0100,Lucknow Site 7,Lucknow,Uttar Pradesh,India,26.84629,80.933125
INC00297,LOC0005,Chennai Site 1,Chennai,Tamil Nadu,India,13.081356,80.202456
INC00298,LOC0100,Lucknow Site 7,Lucknow,Uttar Pradesh,India,26.84629,80.933125
INC00299,LOC0027,Bhopal Site 2,Bhopal,Madhya Pradesh,India,23.143328,77.387026
INC00300,LOC0085,Lucknow Site 6,Lucknow,Uttar Pradesh,India,26.834169,80.942939
INC00301,LOC0009,Jaipur Site 1,Jaipur,Rajasthan,India,26.9419,75.710589
INC00302,LOC0047,Mumbai Site 4,Mumbai,Maharashtra,India,19.042136,72.871323
INC00303,LOC0055,Lucknow Site 4,Lucknow,Uttar Pradesh,India,26.913925,80.808014
INC00304,LOC0096,Hyderabad Site 7,Hyderabad,Telangana,India,17.522893,78.472338
INC00305,LOC0013,Kochi Site 1,Kochi,Kerala,India,9.896934,76.239129
INC00306,LOC0004,Kolkata Site 1,Kolkata,West Bengal,India,22.582827,88.338601
INC00307,LOC0065,Chennai Site 5,Chennai,Tamil Nadu,India,13.03152,80.196574
INC00308,LOC0005,Chennai Site 1,Chennai,Tamil Nadu,India,13.081356,80.202456
INC00309,LOC0078,Bengaluru Site 6,Bengaluru,Karnataka,India,12.967297,77.736034
INC00310,LOC0004,Kolkata Site 1,Kolkata,West Bengal,India,22.582827,88.338601
INC00311,LOC0098,Ahmedabad Site 7,Ahmedabad,Gujarat,India,22.933936,72.499822
INC00312,LOC0054,Jaipur Site 4,Jaipur,Rajasthan,India,26.836398,75.760177
INC00313,LOC0095,Chennai Site 7,Chennai,Tamil Nadu,India,12.973247,80.402774
INC00314,LOC0013,Kochi Site 1,Kochi,Kerala,India,9.896934,76.239129
INC00315,LOC0028,Kochi Site 2,Kochi,Kerala,India,9.89357,76.21619
INC00316,LOC0046,Delhi Site 4,Delhi,Delhi,India,28.667131,77.201121
INC00317,LOC0003,Bengaluru Site 1,Bengaluru,Karnataka,India,12.815517,77.490426
INC00318,LOC0011,Patna Site 1,Patna,Bihar,India,25.579311,85.083126
INC00319,LOC0033,Bengaluru Site 3,Bengaluru,Karnataka,India,13.028498,77.658068
INC00320,LOC0074,Bhubaneswar Site 5,Bhubaneswar,Odisha,India,20.247132,85.813237
INC00321,LOC0071,Patna Site 5,Patna,Bihar,India,25.627253,85.058437
INC00322,LOC0009,Jaipur Site 1,Jaipur,Rajasthan,India,26.9419,75.710589
INC00323,LOC0006,Hyderabad Site 1,Hyderabad,Telangana,India,17.455352,78.548923
INC00324,LOC0066,Hyderabad Site 5,Hyderabad,Telangana,India,17.353815,78.376565
INC00325,LOC0036,Hyderabad Site 3,Hyderabad,Telangana,India,17.282945,78.396037
INC00326,LOC0080,Chennai Site 6,Chennai,Tamil Nadu,India,13.042756,80.175904
INC00327,LOC0030,Chandigarh Site 2,Chandigarh,Chandigarh,India,30.664034,76.856862
INC00328,LOC0037,Pune Site 3,Pune,Maharashtra,India,18.446844,73.896473
INC00329,LOC0022,Pune Site 2,Pune,Maharashtra,India,18.467159,73.875273
INC00330,LOC0027,Bhopal Site 2,Bhopal,Madhya Pradesh,India,23.143328,77.387026
INC00331,LOC0071,Patna Site 5,Patna,Bihar,India,25.627253,85.058437
INC00332,LOC0048,Bengaluru Site 4,Bengaluru,Karnataka,India,12.836613,77.478831
INC00333,LOC0066,Hyderabad Site 5,Hyderabad,Telangana,India,17.353815,78.376565
INC00334,LOC0008,Ahmedabad Site 1,Ahmedabad,Gujarat,India,23.059901,72.502657
INC00335,LOC0054,Jaipur Site 4,Jaipur,Rajasthan,India,26.836398,75.760177
INC00336,LOC0046,Delhi Site 4,Delhi,Delhi,India,28.667131,77.201121
INC00337,LOC0092,Mumbai Site 7,Mumbai,Maharashtra,India,19.043126,72.966203
INC00338,LOC0043,Kochi Site 3,Kochi,Kerala,India,9.835533,76.306258
INC00339,LOC0011,Patna Site 1,Patna,Bihar,India,25.579311,85.083126
INC00340,LOC0070,Lucknow Site 5,Lucknow,Uttar Pradesh,India,27.006438,81.179309
INC00341,LOC0015,Chandigarh Site 1,Chandigarh,Chandigarh,India,30.766319,76.813866
INC00342,LOC0091,Delhi Site 7,Delhi,Delhi,India,28.71838,77.226551
INC00343,LOC0039,Jaipur Site 3,Jaipur,Rajasthan,India,26.87822,75.799983
INC00344,LOC0079,Kolkata Site 6,Kolkata,West Bengal,India,22.583022,88.442519
INC00345,LOC0066,Hyderabad Site 5,Hyderabad,Telangana,India,17.353815,78.376565
INC00346,LOC0047,Mumbai Site 4,Mumbai,Maharashtra,India,19.042136,72.871323
INC00347,LOC0059,Bhubaneswar Site 4,Bhubaneswar,Odisha,India,20.314714,85.826248
INC00348,LOC0019,Kolkata Site 2,Kolkata,West Bengal,India,22.563484,88.296687
INC00349,LOC0008,Ahmedabad Site 1,Ahmedabad,Gujarat,India,23.059901,72.502657
INC00350,LOC0077,Mumbai Site 6,Mumbai,Maharashtra,India,18.942025,72.838795
INC00351,LOC0096,Hyderabad Site 7,Hyderabad,Telangana,India,17.522893,78.472338
INC00352,LOC0087,Bhopal Site 6,Bhopal,Madhya Pradesh,India,23.223501,77.314552
INC00353,LOC0031,Delhi Site 3,Delhi,Delhi,India,28.47927,77.182209
INC00354,LOC0036,Hyderabad Site 3,Hyderabad,Telangana,India,17.282945,78.396037
INC00355,LOC0036,Hyderabad Site 3,Hyderabad,Telangana,India,17.282945,78.396037
INC00356,LOC0071,Patna Site 5,Patna,Bihar,India,25.627253,85.058437
INC00357,LOC0063,Bengaluru Site 5,Bengaluru,Karnataka,India,13.038409,77.62315
INC00358,LOC0080,Chennai Site 6,Chennai,Tamil Nadu,India,13.042756,80.175904
INC00359,LOC0095,Chennai Site 7,Chennai,Tamil Nadu,India,12.973247,80.402774
INC00360,LOC0040,Lucknow Site 3,Lucknow,Uttar Pradesh,India,26.896747,80.921452
INC00361,LOC0067,Pune Site 5,Pune,Maharashtra,India,18.571212,73.838922
INC00362,LOC0051,Hyderabad Site 4,Hyderabad,Telangana,India,17.354747,78.590638
INC00363,LOC0096,Hyderabad Site 7,Hyderabad,Telangana,India,17.522893,78.472338
INC00364,LOC0036,Hyderabad Site 3,Hyderabad,Telangana,India,17.282945,78.396037
INC00365,LOC0019,Kolkata Site 2,Kolkata,West Bengal,India,22.563484,88.296687
INC00366,LOC0038,Ahmedabad Site 3,Ahmedabad,Gujarat,India,23.033894,72.626639
INC00367,LOC0062,Mumbai Site 5,Mumbai,Maharashtra,India,19.0936,72.986435
INC00368,LOC0096,Hyderabad Site 7,Hyderabad,Telangana,India,17.522893,78.472338
INC00369,LOC0083,Ahmedabad Site 6,Ahmedabad,Gujarat,India,23.089579,72.499166
INC00370,LOC0002,Mumbai Site 1,Mumbai,Maharashtra,India,19.136036,72.952945
INC00371,LOC0051,Hyderabad Site 4,Hyderabad,Telangana,India,17.354747,78.590638
INC00372,LOC0016,Delhi Site 2,Delhi,Delhi,India,28.785232,77.176487
INC00373,LOC0037,Pune Site 3,Pune,Maharashtra,India,18.446844,73.896473
INC00374,LOC0095,Chennai Site 7,Chennai,Tamil Nadu,India,12.973247,80.402774
INC00375,LOC0099,Jaipur Site 7,Jaipur,Rajasthan,India,26.963866,75.755732
INC00376,LOC0016,Delhi Site 2,Delhi,Delhi,India,28.785232,77.176487
INC00377,LOC0015,Chandigarh Site 1,Chandigarh,Chandigarh,India,30.766319,76.813866
INC00378,LOC0070,Lucknow Site 5,Lucknow,Uttar Pradesh,India,27.006438,81.179309
INC00379,LOC0042,Bhopal Site 3,Bhopal,Madhya Pradesh,India,23.230856,77.382061
INC00380,LOC0044,Bhubaneswar Site 3,Bhubaneswar,Odisha,India,20.258548,85.8255
INC00381,LOC0088,Kochi Site 6,Kochi,Kerala,India,9.828965,76.281107
INC00382,LOC0093,Bengaluru Site 7,Bengaluru,Karnataka,India,13.005901,77.71746
INC00383,LOC0091,Delhi Site 7,Delhi,Delhi,India,28.71838,77.226551
INC00384,LOC0079,Kolkata Site 6,Kolkata,West Bengal,India,22.583022,88.442519
INC00385,LOC0099,Jaipur Site 7,Jaipur,Rajasthan,India,26.963866,75.755732
INC00386,LOC0072,Bhopal Site 5,Bhopal,Madhya Pradesh,India,23.089336,77.434017
INC00387,LOC0089,Bhubaneswar Site 6,Bhubaneswar,Odisha,India,20.422427,85.837299
INC00388,LOC0055,Lucknow Site 4,Lucknow,Uttar Pradesh,India,26.913925,80.808014
INC00389,LOC0006,Hyderabad Site 1,Hyderabad,Telangana,India,17.455352,78.548923
INC00390,LOC0082,Pune Site 6,Pune,Maharashtra,India,18.690678,73.790989
INC00391,LOC0093,Bengaluru Site 7,Bengaluru,Karnataka,India,13.005901,77.71746
INC00392,LOC0032,Mumbai Site 3,Mumbai,Maharashtra,India,19.08902,72.924598
INC00393,LOC0043,Kochi Site 3,Kochi,Kerala,India,9.835533,76.306258
INC00394,LOC0058,Kochi Site 4,Kochi,Kerala,India,9.93697,76.224941
INC00395,LOC0066,Hyderabad Site 5,Hyderabad,Telangana,India,17.353815,78.376565
INC00396,LOC0068,Ahmedabad Site 5,Ahmedabad,Gujarat,India,22.904835,72.490154
INC00397,LOC0040,Lucknow Site 3,Lucknow,Uttar Pradesh,India,26.896747,80.921452
INC00398,LOC0086,Patna Site 6,Patna,Bihar,India,25.541717,85.173286
INC00399,LOC0082,Pune Site 6,Pune,Maharashtra,India,18.690678,73.790989
INC00400,LOC0095,Chennai Site 7,Chennai,Tamil Nadu,India,12.973247,80.402774
INC00401,LOC0058,Kochi Site 4,Kochi,Kerala,India,9.93697,76.224941
INC00402,LOC0008,Ahmedabad Site 1,Ahmedabad,Gujarat,India,23.059901,72.502657
INC00403,LOC0085,Lucknow Site 6,Lucknow,Uttar Pradesh,India,26.834169,80.942939
INC00404,LOC0008,Ahmedabad Site 1,Ahmedabad,Gujarat,India,23.059901,72.502657
INC00405,LOC0020,Chennai Site 2,Chennai,Tamil Nadu,India,13.016742,80.322747
INC00406,LOC0029,Bhubaneswar Site 2,Bhubaneswar,Odisha,India,20.274089,85.944095
INC00407,LOC0019,Kolkata Site 2,Kolkata,West Bengal,India,22.563484,88.296687
INC00408,LOC0073,Kochi Site 5,Kochi,Kerala,India,9.866165,76.234071
INC00409,LOC0045,Chandigarh Site 3,Chandigarh,Chandigarh,India,30.77176,76.815122
INC00410,LOC0022,Pune Site 2,Pune,Maharashtra,India,18.467159,73.875273
INC00411,LOC0001,Delhi Site 1,Delhi,Delhi,India,28.638277,77.125801
INC00412,LOC0022,Pune Site 2,Pune,Maharashtra,India,18.467159,73.875273
INC00413,LOC0070,Lucknow Site 5,Lucknow,Uttar Pradesh,India,27.006438,81.179309
INC00414,LOC0080,Chennai Site 6,Chennai,Tamil Nadu,India,13.042756,80.175904
INC00415,LOC0030,Chandigarh Site 2,Chandigarh,Chandigarh,India,30.664034,76.856862
INC00416,LOC0008,Ahmedabad Site 1,Ahmedabad,Gujarat,India,23.059901,72.502657
INC00417,LOC0056,Patna Site 4,Patna,Bihar,India,25.628854,85.156619
INC00418,LOC0079,Kolkata Site 6,Kolkata,West Bengal,India,22.583022,88.442519
INC00419,LOC0008,Ahmedabad Site 1,Ahmedabad,Gujarat,India,23.059901,72.502657
INC00420,LOC0080,Chennai Site 6,Chennai,Tamil Nadu,India,13.042756,80.175904
INC00421,LOC0018,Bengaluru Site 2,Bengaluru,Karnataka,India,13.020878,77.684918
INC00422,LOC0026,Patna Site 2,Patna,Bihar,India,25.61723,85.188103
INC00423,LOC0063,Bengaluru Site 5,Bengaluru,Karnataka,India,13.038409,77.62315
INC00424,LOC0006,Hyderabad Site 1,Hyderabad,Telangana,India,17.455352,78.548923
INC00425,LOC0031,Delhi Site 3,Delhi,Delhi,India,28.47927,77.182209
INC00426,LOC0014,Bhubaneswar Site 1,Bhubaneswar,Odisha,India,20.338685,85.853736
INC00427,LOC0022,Pune Site 2,Pune,Maharashtra,India,18.467159,73.875273
INC00428,LOC0078,Bengaluru Site 6,Bengaluru,Karnataka,India,12.967297,77.736034
INC00429,LOC0023,Ahmedabad Site 2,Ahmedabad,Gujarat,India,23.031835,72.588895
INC00430,LOC0005,Chennai Site 1,Chennai,Tamil Nadu,India,13.081356,80.202456
INC00431,LOC0022,Pune Site 2,Pune,Maharashtra,India,18.467159,73.875273
INC00432,LOC0009,Jaipur Site 1,Jaipur,Rajasthan,India,26.9419,75.710589
INC00433,LOC0063,Bengaluru Site 5,Bengaluru,Karnataka,India,13.038409,77.62315
INC00434,LOC0098,Ahmedabad Site 7,Ahmedabad,Gujarat,India,22.933936,72.499822
INC00435,LOC0017,Mumbai Site 2,Mumbai,Maharashtra,India,19.035021,72.812598
INC00436,LOC0073,Kochi Site 5,Kochi,Kerala,India,9.866165,76.234071
INC00437,LOC0037,Pune Site 3,Pune,Maharashtra,India,18.446844,73.896473
INC00438,LOC0008,Ahmedabad Site 1,Ahmedabad,Gujarat,India,23.059901,72.502657
INC00439,LOC0069,Jaipur Site 5,Jaipur,Rajasthan,India,26.937481,75.85435
INC00440,LOC0021,Hyderabad Site 2,Hyderabad,Telangana,India,17.44446,78.530152
INC00441,LOC0052,Pune Site 4,Pune,Maharashtra,India,18.491899,73.915701
INC00442,LOC0051,Hyderabad Site 4,Hyderabad,Telangana,India,17.354747,78.590638
INC00443,LOC0060,Chandigarh Site 4,Chandigarh,Chandigarh,India,30.861442,76.760252
INC00444,LOC0014,Bhubaneswar Site 1,Bhubaneswar,Odisha,India,20.338685,85.853736
INC00445,LOC0026,Patna Site 2,Patna,Bihar,India,25.61723,85.188103
INC00446,LOC0074,Bhubaneswar Site 5,Bhubaneswar,Odisha,India,20.247132,85.813237
INC00447,LOC0094,Kolkata Site 7,Kolkata,West Bengal,India,22.587259,88.265942
INC00448,LOC0002,Mumbai Site 1,Mumbai,Maharashtra,India,19.136036,72.952945
INC00449,LOC0042,Bhopal Site 3,Bhopal,Madhya Pradesh,India,23.230856,77.382061
INC00450,LOC0089,Bhubaneswar Site 6,Bhubaneswar,Odisha,India,20.422427,85.837299
INC00451,LOC0029,Bhubaneswar Site 2,Bhubaneswar,Odisha,India,20.274089,85.944095
INC00452,LOC0045,Chandigarh Site 3,Chandigarh,Chandigarh,India,30.77176,76.815122
INC00453,LOC0091,Delhi Site 7,Delhi,Delhi,India,28.71838,77.226551
INC00454,LOC0097,Pune Site 7,Pune,Maharashtra,India,18.489745,73.973616
INC00455,LOC0066,Hyderabad Site 5,Hyderabad,Telangana,India,17.353815,78.376565
INC00456,LOC0070,Lucknow Site 5,Lucknow,Uttar Pradesh,India,27.006438,81.179309
INC00457,LOC0062,Mumbai Site 5,Mumbai,Maharashtra,India,19.0936,72.986435
INC00458,LOC0029,Bhubaneswar Site 2,Bhubaneswar,Odisha,India,20.274089,85.944095
INC00459,LOC0089,Bhubaneswar Site 6,Bhubaneswar,Odisha,India,20.422427,85.837299
INC00460,LOC0004,Kolkata Site 1,Kolkata,West Bengal,India,22.582827,88.338601
INC00461,LOC0006,Hyderabad Site 1,Hyderabad,Telangana,India,17.455352,78.548923
INC00462,LOC0061,Delhi Site 5,Delhi,Delhi,India,28.53202,77.223342
INC00463,LOC0084,Jaipur Site 6,Jaipur,Rajasthan,India,26.986926,75.818096
INC00464,LOC0082,Pune Site 6,Pune,Maharashtra,India,18.690678,73.790989
INC00465,LOC0068,Ahmedabad Site 5,Ahmedabad,Gujarat,India,22.904835,72.490154
INC00466,LOC0038,Ahmedabad Site 3,Ahmedabad,Gujarat,India,23.033894,72.626639
INC00467,LOC0036,Hyderabad Site 3,Hyderabad,Telangana,India,17.282945,78.396037
INC00468,LOC0043,Kochi Site 3,Kochi,Kerala,India,9.835533,76.306258
INC00469,LOC0026,Patna Site 2,Patna,Bihar,India,25.61723,85.188103
INC00470,LOC0042,Bhopal Site 3,Bhopal,Madhya Pradesh,India,23.230856,77.382061
INC00471,LOC0011,Patna Site 1,Patna,Bihar,India,25.579311,85.083126
INC00472,LOC0032,Mumbai Site 3,Mumbai,Maharashtra,India,19.08902,72.924598
INC00473,LOC0095,Chennai Site 7,Chennai,Tamil Nadu,India,12.973247,80.402774
INC00474,LOC0071,Patna Site 5,Patna,Bihar,India,25.627253,85.058437
INC00475,LOC0015,Chandigarh Site 1,Chandigarh,Chandigarh,India,30.766319,76.813866
INC00476,LOC0029,Bhubaneswar Site 2,Bhubaneswar,Odisha,India,20.274089,85.944095
INC00477,LOC0026,Patna Site 2,Patna,Bihar,India,25.61723,85.188103
INC00478,LOC0029,Bhubaneswar Site 2,Bhubaneswar,Odisha,India,20.274089,85.944095
INC00479,LOC0070,Lucknow Site 5,Lucknow,Uttar Pradesh,India,27.006438,81.179309
INC00480,LOC0090,Chandigarh Site 6,Chandigarh,Chandigarh,India,30.723809,76.802266
INC00481,LOC0072,Bhopal Site 5,Bhopal,Madhya Pradesh,India,23.089336,77.434017
INC00482,LOC0049,Kolkata Site 4,Kolkata,West Bengal,India,22.466784,88.28412
INC00483,LOC0017,Mumbai Site 2,Mumbai,Maharashtra,India,19.035021,72.812598
INC00484,LOC0015,Chandigarh Site 1,Chandigarh,Chandigarh,India,30.766319,76.813866
INC00485,LOC0082,Pune Site 6,Pune,Maharashtra,India,18.690678,73.790989
INC00486,LOC0068,Ahmedabad Site 5,Ahmedabad,Gujarat,India,22.904835,72.490154
INC00487,LOC0052,Pune Site 4,Pune,Maharashtra,India,18.491899,73.915701
INC00488,LOC0058,Kochi Site 4,Kochi,Kerala,India,9.93697,76.224941
INC00489,LOC0085,Lucknow Site 6,Lucknow,Uttar Pradesh,India,26.834169,80.942939
INC00490,LOC0082,Pune Site 6,Pune,Maharashtra,India,18.690678,73.790989
INC00491,LOC0009,Jaipur Site 1,Jaipur,Rajasthan,India,26.9419,75.710589
INC00492,LOC0040,Lucknow Site 3,Lucknow,Uttar Pradesh,India,26.896747,80.921452
INC00493,LOC0005,Chennai Site 1,Chennai,Tamil Nadu,India,13.081356,80.202456
INC00494,LOC0039,Jaipur Site 3,Jaipur,Rajasthan,India,26.87822,75.799983
INC00495,LOC0064,Kolkata Site 5,Kolkata,West Bengal,India,22.689664,88.268799
INC00496,LOC0021,Hyderabad Site 2,Hyderabad,Telangana,India,17.44446,78.530152
INC00497,LOC0016,Delhi Site 2,Delhi,Delhi,India,28.785232,77.176487
INC00498,LOC0050,Chennai Site 4,Chennai,Tamil Nadu,India,13.114682,80.198262
INC00499,LOC0053,Ahmedabad Site 4,Ahmedabad,Gujarat,India,22.947811,72.554965
INC00500,LOC0072,Bhopal Site 5,Bhopal,Madhya Pradesh,India,23.089336,77.434017
INC00501,LOC0002,Mumbai Site 1,Mumbai,Maharashtra,India,19.136036,72.952945
INC00502,LOC0025,Lucknow Site 2,Lucknow,Uttar Pradesh,India,26.901013,80.951606
INC00503,LOC0078,Bengaluru Site 6,Bengaluru,Karnataka,India,12.967297,77.736034
INC00504,LOC0069,Jaipur Site 5,Jaipur,Rajasthan,India,26.937481,75.85435
INC00505,LOC0090,Chandigarh Site 6,Chandigarh,Chandigarh,India,30.723809,76.802266
INC00506,LOC0082,Pune Site 6,Pune,Maharashtra,India,18.690678,73.790989
INC00507,LOC0084,Jaipur Site 6,Jaipur,Rajasthan,India,26.986926,75.818096
INC00508,LOC0052,Pune Site 4,Pune,Maharashtra,India,18.491899,73.915701
INC00509,LOC0096,Hyderabad Site 7,Hyderabad,Telangana,India,17.522893,78.472338
INC00510,LOC0042,Bhopal Site 3,Bhopal,Madhya Pradesh,India,23.230856,77.382061
INC00511,LOC0091,Delhi Site 7,Delhi,Delhi,India,28.71838,77.226551
INC00512,LOC0040,Lucknow Site 3,Lucknow,Uttar Pradesh,India,26.896747,80.921452
INC00513,LOC0045,Chandigarh Site 3,Chandigarh,Chandigarh,India,30.77176,76.815122
INC00514,LOC0069,Jaipur Site 5,Jaipur,Rajasthan,India,26.937481,75.85435
INC00515,LOC0040,Lucknow Site 3,Lucknow,Uttar Pradesh,India,26.896747,80.921452
INC00516,LOC0015,Chandigarh Site 1,Chandigarh,Chandigarh,India,30.766319,76.813866
INC00517,LOC0090,Chandigarh Site 6,Chandigarh,Chandigarh,India,30.723809,76.802266
INC00518,LOC0046,Delhi Site 4,Delhi,Delhi,India,28.667131,77.201121
INC00519,LOC0093,Bengaluru Site 7,Bengaluru,Karnataka,India,13.005901,77.71746
INC00520,LOC0040,Lucknow Site 3,Lucknow,Uttar Pradesh,India,26.896747,80.921452
INC00521,LOC0098,Ahmedabad Site 7,Ahmedabad,Gujarat,India,22.933936,72.499822
INC00522,LOC0061,Delhi Site 5,Delhi,Delhi,India,28.53202,77.223342
INC00523,LOC0077,Mumbai Site 6,Mumbai,Maharashtra,India,18.942025,72.838795
INC00524,LOC0076,Delhi Site 6,Delhi,Delhi,India,28.601209,77.126148
INC00525,LOC0021,Hyderabad Site 2,Hyderabad,Telangana,India,17.44446,78.530152
INC00526,LOC0082,Pune Site 6,Pune,Maharashtra,India,18.690678,73.790989
INC00527,LOC0095,Chennai Site 7,Chennai,Tamil Nadu,India,12.973247,80.402774
INC00528,LOC0067,Pune Site 5,Pune,Maharashtra,India,18.571212,73.838922
INC00529,LOC0095,Chennai Site 7,Chennai,Tamil Nadu,India,12.973247,80.402774
INC00530,LOC0085,Lucknow Site 6,Lucknow,Uttar Pradesh,India,26.834169,80.942939
INC00531,LOC0067,Pune Site 5,Pune,Maharashtra,India,18.571212,73.838922
INC00532,LOC0048,Bengaluru Site 4,Bengaluru,Karnataka,India,12.836613,77.478831
INC00533,LOC0086,Patna Site 6,Patna,Bihar,India,25.541717,85.173286
INC00534,LOC0019,Kolkata Site 2,Kolkata,West Bengal,India,22.563484,88.296687
INC00535,LOC0057,Bhopal Site 4,Bhopal,Madhya Pradesh,India,23.212368,77.296915
INC00536,LOC0082,Pune Site 6,Pune,Maharashtra,India,18.690678,73.790989
INC00537,LOC0095,Chennai Site 7,Chennai,Tamil Nadu,India,12.973247,80.402774
INC00538,LOC0027,Bhopal Site 2,Bhopal,Madhya Pradesh,India,23.143328,77.387026
INC00539,LOC0010,Lucknow Site 1,Lucknow,Uttar Pradesh,India,26.916976,80.942206
INC00540,LOC0034,Kolkata Site 3,Kolkata,West Bengal,India,22.544702,88.326912
INC00541,LOC0087,Bhopal Site 6,Bhopal,Madhya Pradesh,India,23.223501,77.314552
INC00542,LOC0053,Ahmedabad Site 4,Ahmedabad,Gujarat,India,22.947811,72.554965
INC00543,LOC0006,Hyderabad Site 1,Hyderabad,Telangana,India,17.455352,78.548923
INC00544,LOC0012,Bhopal Site 1,Bhopal,Madhya Pradesh,India,23.357703,77.400238
INC00545,LOC0034,Kolkata Site 3,Kolkata,West Bengal,India,22.544702,88.326912
INC00546,LOC0035,Chennai Site 3,Chennai,Tamil Nadu,India,13.151338,80.255396
INC00547,LOC0014,Bhubaneswar Site 1,Bhubaneswar,Odisha,India,20.338685,85.853736
INC00548,LOC0050,Chennai Site 4,Chennai,Tamil Nadu,India,13.114682,80.198262
INC00549,LOC0048,Bengaluru Site 4,Bengaluru,Karnataka,India,12.836613,77.478831
INC00550,LOC0020,Chennai Site 2,Chennai,Tamil Nadu,India,13.016742,80.322747
INC00551,LOC0024,Jaipur Site 2,Jaipur,Rajasthan,India,26.982114,75.805188
INC00552,LOC0067,Pune Site 5,Pune,Maharashtra,India,18.571212,73.838922
INC00553,LOC0096,Hyderabad Site 7,Hyderabad,Telangana,India,17.522893,78.472338
INC00554,LOC0100,Lucknow Site 7,Lucknow,Uttar Pradesh,India,26.84629,80.933125
INC00555,LOC0056,Patna Site 4,Patna,Bihar,India,25.628854,85.156619
INC00556,LOC0004,Kolkata Site 1,Kolkata,West Bengal,India,22.582827,88.338601
INC00557,LOC0090,Chandigarh Site 6,Chandigarh,Chandigarh,India,30.723809,76.802266
INC00558,LOC0096,Hyderabad Site 7,Hyderabad,Telangana,India,17.522893,78.472338
INC00559,LOC0028,Kochi Site 2,Kochi,Kerala,India,9.89357,76.21619
INC00560,LOC0041,Patna Site 3,Patna,Bihar,India,25.630642,85.084646
INC00561,LOC0003,Bengaluru Site 1,Bengaluru,Karnataka,India,12.815517,77.490426
INC00562,LOC0081,Hyderabad Site 6,Hyderabad,Telangana,India,17.307791,78.428682
INC00563,LOC0078,Bengaluru Site 6,Bengaluru,Karnataka,India,12.967297,77.736034
INC00564,LOC0003,Bengaluru Site 1,Bengaluru,Karnataka,India,12.815517,77.490426
INC00565,LOC0071,Patna Site 5,Patna,Bihar,India,25.627253,85.058437
INC00566,LOC0042,Bhopal Site 3,Bhopal,Madhya Pradesh,India,23.230856,77.382061
INC00567,LOC0055,Lucknow Site 4,Lucknow,Uttar Pradesh,India,26.913925,80.808014
INC00568,LOC0022,Pune Site 2,Pune,Maharashtra,India,18.467159,73.875273
INC00569,LOC0082,Pune Site 6,Pune,Maharashtra,India,18.690678,73.790989
INC00570,LOC0041,Patna Site 3,Patna,Bihar,India,25.630642,85.084646
INC00571,LOC0085,Lucknow Site 6,Lucknow,Uttar Pradesh,India,26.834169,80.942939
INC00572,LOC0015,Chandigarh Site 1,Chandigarh,Chandigarh,India,30.766319,76.813866
INC00573,LOC0059,Bhubaneswar Site 4,Bhubaneswar,Odisha,India,20.314714,85.826248
INC00574,LOC0032,Mumbai Site 3,Mumbai,Maharashtra,India,19.08902,72.924598
INC00575,LOC0097,Pune Site 7,Pune,Maharashtra,India,18.489745,73.973616
INC00576,LOC0056,Patna Site 4,Patna,Bihar,India,25.628854,85.156619
INC00577,LOC0072,Bhopal Site 5,Bhopal,Madhya Pradesh,India,23.089336,77.434017
INC00578,LOC0009,Jaipur Site 1,Jaipur,Rajasthan,India,26.9419,75.710589
INC00579,LOC0068,Ahmedabad Site 5,Ahmedabad,Gujarat,India,22.904835,72.490154
INC00580,LOC0011,Patna Site 1,Patna,Bihar,India,25.579311,85.083126
INC00581,LOC0037,Pune Site 3,Pune,Maharashtra,India,18.446844,73.896473
INC00582,LOC0023,Ahmedabad Site 2,Ahmedabad,Gujarat,India,23.031835,72.588895
INC00583,LOC0001,Delhi Site 1,Delhi,Delhi,India,28.638277,77.125801
INC00584,LOC0059,Bhubaneswar Site 4,Bhubaneswar,Odisha,India,20.314714,85.826248
INC00585,LOC0025,Lucknow Site 2,Lucknow,Uttar Pradesh,India,26.901013,80.951606
INC00586,LOC0052,Pune Site 4,Pune,Maharashtra,India,18.491899,73.915701
INC00587,LOC0077,Mumbai Site 6,Mumbai,Maharashtra,India,18.942025,72.838795
INC00588,LOC0018,Bengaluru Site 2,Bengaluru,Karnataka,India,13.020878,77.684918
INC00589,LOC0071,Patna Site 5,Patna,Bihar,India,25.627253,85.058437
INC00590,LOC0030,Chandigarh Site 2,Chandigarh,Chandigarh,India,30.664034,76.856862
INC00591,LOC0034,Kolkata Site 3,Kolkata,West Bengal,India,22.544702,88.326912
INC00592,LOC0058,Kochi Site 4,Kochi,Kerala,India,9.93697,76.224941
INC00593,LOC0063,Bengaluru Site 5,Bengaluru,Karnataka,India,13.038409,77.62315
INC00594,LOC0066,Hyderabad Site 5,Hyderabad,Telangana,India,17.353815,78.376565
INC00595,LOC0020,Chennai Site 2,Chennai,Tamil Nadu,India,13.016742,80.322747
INC00596,LOC0058,Kochi Site 4,Kochi,Kerala,India,9.93697,76.224941
INC00597,LOC0027,Bhopal Site 2,Bhopal,Madhya Pradesh,India,23.143328,77.387026
INC00598,LOC0028,Kochi Site 2,Kochi,Kerala,India,9.89357,76.21619
INC00599,LOC0095,Chennai Site 7,Chennai,Tamil Nadu,India,12.973247,80.402774
INC00600,LOC0011,Patna Site 1,Patna,Bihar,India,25.579311,85.083126
INC00601,LOC0042,Bhopal Site 3,Bhopal,Madhya Pradesh,India,23.230856,77.382061
INC00602,LOC0044,Bhubaneswar Site 3,Bhubaneswar,Odisha,India,20.258548,85.8255
INC00603,LOC0025,Lucknow Site 2,Lucknow,Uttar Pradesh,India,26.901013,80.951606
INC00604,LOC0079,Kolkata Site 6,Kolkata,West Bengal,India,22.583022,88.442519
INC00605,LOC0049,Kolkata Site 4,Kolkata,West Bengal,India,22.466784,88.28412
INC00606,LOC0072,Bhopal Site 5,Bhopal,Madhya Pradesh,India,23.089336,77.434017
INC00607,LOC0039,Jaipur Site 3,Jaipur,Rajasthan,India,26.87822,75.799983
INC00608,LOC0090,Chandigarh Site 6,Chandigarh,Chandigarh,India,30.723809,76.802266
INC00609,LOC0073,Kochi Site 5,Kochi,Kerala,India,9.866165,76.234071
INC00610,LOC0034,Kolkata Site 3,Kolkata,West Bengal,India,22.544702,88.326912
INC00611,LOC0097,Pune Site 7,Pune,Maharashtra,India,18.489745,73.973616
INC00612,LOC0087,Bhopal Site 6,Bhopal,Madhya Pradesh,India,23.223501,77.314552
INC00613,LOC0060,Chandigarh Site 4,Chandigarh,Chandigarh,India,30.861442,76.760252
INC00614,LOC0002,Mumbai Site 1,Mumbai,Maharashtra,India,19.136036,72.952945
INC00615,LOC0060,Chandigarh Site 4,Chandigarh,Chandigarh,India,30.861442,76.760252
INC00616,LOC0070,Lucknow Site 5,Lucknow,Uttar Pradesh,India,27.006438,81.179309
INC00617,LOC0037,Pune Site 3,Pune,Maharashtra,India,18.446844,73.896473
INC00618,LOC0015,Chandigarh Site 1,Chandigarh,Chandigarh,India,30.766319,76.813866
INC00619,LOC0057,Bhopal Site 4,Bhopal,Madhya Pradesh,India,23.212368,77.296915
INC00620,LOC0081,Hyderabad Site 6,Hyderabad,Telangana,India,17.307791,78.428682
INC00621,LOC0032,Mumbai Site 3,Mumbai,Maharashtra,India,19.08902,72.924598
INC00622,LOC0046,Delhi Site 4,Delhi,Delhi,India,28.667131,77.201121
INC00623,LOC0001,Delhi Site 1,Delhi,Delhi,India,28.638277,77.125801
INC00624,LOC0071,Patna Site 5,Patna,Bihar,India,25.627253,85.058437
INC00625,LOC0087,Bhopal Site 6,Bhopal,Madhya Pradesh,India,23.223501,77.314552
INC00626,LOC0078,Bengaluru Site 6,Bengaluru,Karnataka,India,12.967297,77.736034
INC00627,LOC0043,Kochi Site 3,Kochi,Kerala,India,9.835533,76.306258
INC00628,LOC0005,Chennai Site 1,Chennai,Tamil Nadu,India,13.081356,80.202456
INC00629,LOC0050,Chennai Site 4,Chennai,Tamil Nadu,India,13.114682,80.198262
INC00630,LOC0095,Chennai Site 7,Chennai,Tamil Nadu,India,12.973247,80.402774
INC00631,LOC0009,Jaipur Site 1,Jaipur,Rajasthan,India,26.9419,75.710589
INC00632,LOC0022,Pune Site 2,Pune,Maharashtra,India,18.467159,73.875273
INC00633,LOC0084,Jaipur Site 6,Jaipur,Rajasthan,India,26.986926,75.818096
INC00634,LOC0057,Bhopal Site 4,Bhopal,Madhya Pradesh,India,23.212368,77.296915
INC00635,LOC0018,Bengaluru Site 2,Bengaluru,Karnataka,India,13.020878,77.684918
INC00636,LOC0003,Bengaluru Site 1,Bengaluru,Karnataka,India,12.815517,77.490426
INC00637,LOC0042,Bhopal Site 3,Bhopal,Madhya Pradesh,India,23.230856,77.382061
INC00638,LOC0060,Chandigarh Site 4,Chandigarh,Chandigarh,India,30.861442,76.760252
INC00639,LOC0085,Lucknow Site 6,Lucknow,Uttar Pradesh,India,26.834169,80.942939
INC00640,LOC0089,Bhubaneswar Site 6,Bhubaneswar,Odisha,India,20.422427,85.837299
INC00641,LOC0046,Delhi Site 4,Delhi,Delhi,India,28.667131,77.201121
INC00642,LOC0043,Kochi Site 3,Kochi,Kerala,India,9.835533,76.306258
INC00643,LOC0094,Kolkata Site 7,Kolkata,West Bengal,India,22.587259,88.265942
INC00644,LOC0078,Bengaluru Site 6,Bengaluru,Karnataka,India,12.967297,77.736034
INC00645,LOC0021,Hyderabad Site 2,Hyderabad,Telangana,India,17.44446,78.530152
INC00646,LOC0069,Jaipur Site 5,Jaipur,Rajasthan,India,26.937481,75.85435
INC00647,LOC0072,Bhopal Site 5,Bhopal,Madhya Pradesh,India,23.089336,77.434017
INC00648,LOC0024,Jaipur Site 2,Jaipur,Rajasthan,India,26.982114,75.805188
INC00649,LOC0098,Ahmedabad Site 7,Ahmedabad,Gujarat,India,22.933936,72.499822
INC00650,LOC0030,Chandigarh Site 2,Chandigarh,Chandigarh,India,30.664034,76.856862
INC00651,LOC0055,Lucknow Site 4,Lucknow,Uttar Pradesh,India,26.913925,80.808014
INC00652,LOC0050,Chennai Site 4,Chennai,Tamil Nadu,India,13.114682,80.198262
INC00653,LOC0070,Lucknow Site 5,Lucknow,Uttar Pradesh,India,27.006438,81.179309
INC00654,LOC0091,Delhi Site 7,Delhi,Delhi,India,28.71838,77.226551
INC00655,LOC0040,Lucknow Site 3,Lucknow,Uttar Pradesh,India,26.896747,80.921452
INC00656,LOC0039,Jaipur Site 3,Jaipur,Rajasthan,India,26.87822,75.799983
INC00657,LOC0076,Delhi Site 6,Delhi,Delhi,India,28.601209,77.126148
INC00658,LOC0096,Hyderabad Site 7,Hyderabad,Telangana,India,17.522893,78.472338
INC00659,LOC0091,Delhi Site 7,Delhi,Delhi,India,28.71838,77.226551
INC00660,LOC0076,Delhi Site 6,Delhi,Delhi,India,28.601209,77.126148
INC00661,LOC0071,Patna Site 5,Patna,Bihar,India,25.627253,85.058437
INC00662,LOC0077,Mumbai Site 6,Mumbai,Maharashtra,India,18.942025,72.838795
INC00663,LOC0094,Kolkata Site 7,Kolkata,West Bengal,India,22.587259,88.265942
INC00664,LOC0002,Mumbai Site 1,Mumbai,Maharashtra,India,19.136036,72.952945
INC00665,LOC0059,Bhubaneswar Site 4,Bhubaneswar,Odisha,India,20.314714,85.826248
INC00666,LOC0004,Kolkata Site 1,Kolkata,West Bengal,India,22.582827,88.338601
INC00667,LOC0058,Kochi Site 4,Kochi,Kerala,India,9.93697,76.224941
INC00668,LOC0040,Lucknow Site 3,Lucknow,Uttar Pradesh,India,26.896747,80.921452
INC00669,LOC0031,Delhi Site 3,Delhi,Delhi,India,28.47927,77.182209
INC00670,LOC0090,Chandigarh Site 6,Chandigarh,Chandigarh,India,30.723809,76.802266
INC00671,LOC0071,Patna Site 5,Patna,Bihar,India,25.627253,85.058437
INC00672,LOC0057,Bhopal Site 4,Bhopal,Madhya Pradesh,India,23.212368,77.296915
INC00673,LOC0089,Bhubaneswar Site 6,Bhubaneswar,Odisha,India,20.422427,85.837299
INC00674,LOC0010,Lucknow Site 1,Lucknow,Uttar Pradesh,India,26.916976,80.942206
INC00675,LOC0065,Chennai Site 5,Chennai,Tamil Nadu,India,13.03152,80.196574
INC00676,LOC0016,Delhi Site 2,Delhi,Delhi,India,28.785232,77.176487
INC00677,LOC0024,Jaipur Site 2,Jaipur,Rajasthan,India,26.982114,75.805188
INC00678,LOC0019,Kolkata Site 2,Kolkata,West Bengal,India,22.563484,88.296687
INC00679,LOC0055,Lucknow Site 4,Lucknow,Uttar Pradesh,India,26.913925,80.808014
INC00680,LOC0063,Bengaluru Site 5,Bengaluru,Karnataka,India,13.038409,77.62315
INC00681,LOC0076,Delhi Site 6,Delhi,Delhi,India,28.601209,77.126148
INC00682,LOC0045,Chandigarh Site 3,Chandigarh,Chandigarh,India,30.77176,76.815122
INC00683,LOC0094,Kolkata Site 7,Kolkata,West Bengal,India,22.587259,88.265942
INC00684,LOC0038,Ahmedabad Site 3,Ahmedabad,Gujarat,India,23.033894,72.626639
INC00685,LOC0016,Delhi Site 2,Delhi,Delhi,India,28.785232,77.176487
INC00686,LOC0004,Kolkata Site 1,Kolkata,West Bengal,India,22.582827,88.338601
INC00687,LOC0013,Kochi Site 1,Kochi,Kerala,India,9.896934,76.239129
INC00688,LOC0045,Chandigarh Site 3,Chandigarh,Chandigarh,India,30.77176,76.815122
INC00689,LOC0042,Bhopal Site 3,Bhopal,Madhya Pradesh,India,23.230856,77.382061
INC00690,LOC0086,Patna Site 6,Patna,Bihar,India,25.541717,85.173286
INC00691,LOC0013,Kochi Site 1,Kochi,Kerala,India,9.896934,76.239129
INC00692,LOC0027,Bhopal Site 2,Bhopal,Madhya Pradesh,India,23.143328,77.387026
INC00693,LOC0099,Jaipur Site 7,Jaipur,Rajasthan,India,26.963866,75.755732
INC00694,LOC0003,Bengaluru Site 1,Bengaluru,Karnataka,India,12.815517,77.490426
INC00695,LOC0043,Kochi Site 3,Kochi,Kerala,India,9.835533,76.306258
INC00696,LOC0020,Chennai Site 2,Chennai,Tamil Nadu,India,13.016742,80.322747
INC00697,LOC0054,Jaipur Site 4,Jaipur,Rajasthan,India,26.836398,75.760177
INC00698,LOC0098,Ahmedabad Site 7,Ahmedabad,Gujarat,India,22.933936,72.499822
INC00699,LOC0023,Ahmedabad Site 2,Ahmedabad,Gujarat,India,23.031835,72.588895
INC00700,LOC0038,Ahmedabad Site 3,Ahmedabad,Gujarat,India,23.033894,72.626639
INC00701,LOC0045,Chandigarh Site 3,Chandigarh,Chandigarh,India,30.77176,76.815122
INC00702,LOC0080,Chennai Site 6,Chennai,Tamil Nadu,India,13.042756,80.175904
INC00703,LOC0099,Jaipur Site 7,Jaipur,Rajasthan,India,26.963866,75.755732
INC00704,LOC0010,Lucknow Site 1,Lucknow,Uttar Pradesh,India,26.916976,80.942206
INC00705,LOC0049,Kolkata Site 4,Kolkata,West Bengal,India,22.466784,88.28412
INC00706,LOC0076,Delhi Site 6,Delhi,Delhi,India,28.601209,77.126148
INC00707,LOC0001,Delhi Site 1,Delhi,Delhi,India,28.638277,77.125801
INC00708,LOC0081,Hyderabad Site 6,Hyderabad,Telangana,India,17.307791,78.428682
INC00709,LOC0025,Lucknow Site 2,Lucknow,Uttar Pradesh,India,26.901013,80.951606
INC00710,LOC0052,Pune Site 4,Pune,Maharashtra,India,18.491899,73.915701
INC00711,LOC0098,Ahmedabad Site 7,Ahmedabad,Gujarat,India,22.933936,72.499822
INC00712,LOC0064,Kolkata Site 5,Kolkata,West Bengal,India,22.689664,88.268799
INC00713,LOC0099,Jaipur Site 7,Jaipur,Rajasthan,India,26.963866,75.755732
INC00714,LOC0061,Delhi Site 5,Delhi,Delhi,India,28.53202,77.223342
INC00715,LOC0022,Pune Site 2,Pune,Maharashtra,India,18.467159,73.875273
INC00716,LOC0070,Lucknow Site 5,Lucknow,Uttar Pradesh,India,27.006438,81.179309
INC00717,LOC0062,Mumbai Site 5,Mumbai,Maharashtra,India,19.0936,72.986435
INC00718,LOC0032,Mumbai Site 3,Mumbai,Maharashtra,India,19.08902,72.924598
INC00719,LOC0008,Ahmedabad Site 1,Ahmedabad,Gujarat,India,23.059901,72.502657
INC00720,LOC0065,Chennai Site 5,Chennai,Tamil Nadu,India,13.03152,80.196574
INC00721,LOC0058,Kochi Site 4,Kochi,Kerala,India,9.93697,76.224941
INC00722,LOC0078,Bengaluru Site 6,Bengaluru,Karnataka,India,12.967297,77.736034
INC00723,LOC0013,Kochi Site 1,Kochi,Kerala,India,9.896934,76.239129
INC00724,LOC0054,Jaipur Site 4,Jaipur,Rajasthan,India,26.836398,75.760177
INC00725,LOC0082,Pune Site 6,Pune,Maharashtra,India,18.690678,73.790989
INC00726,LOC0090,Chandigarh Site 6,Chandigarh,Chandigarh,India,30.723809,76.802266
INC00727,LOC0094,Kolkata Site 7,Kolkata,West Bengal,India,22.587259,88.265942
INC00728,LOC0022,Pune Site 2,Pune,Maharashtra,India,18.467159,73.875273
INC00729,LOC0018,Bengaluru Site 2,Bengaluru,Karnataka,India,13.020878,77.684918
INC00730,LOC0058,Kochi Site 4,Kochi,Kerala,India,9.93697,76.224941
INC00731,LOC0047,Mumbai Site 4,Mumbai,Maharashtra,India,19.042136,72.871323
INC00732,LOC0024,Jaipur Site 2,Jaipur,Rajasthan,India,26.982114,75.805188
INC00733,LOC0011,Patna Site 1,Patna,Bihar,India,25.579311,85.083126
INC00734,LOC0015,Chandigarh Site 1,Chandigarh,Chandigarh,India,30.766319,76.813866
INC00735,LOC0034,Kolkata Site 3,Kolkata,West Bengal,India,22.544702,88.326912
INC00736,LOC0074,Bhubaneswar Site 5,Bhubaneswar,Odisha,India,20.247132,85.813237
INC00737,LOC0007,Pune Site 1,Pune,Maharashtra,India,18.525682,73.946879
INC00738,LOC0011,Patna Site 1,Patna,Bihar,India,25.579311,85.083126
INC00739,LOC0027,Bhopal Site 2,Bhopal,Madhya Pradesh,India,23.143328,77.387026
INC00740,LOC0088,Kochi Site 6,Kochi,Kerala,India,9.828965,76.281107
INC00741,LOC0100,Lucknow Site 7,Lucknow,Uttar Pradesh,India,26.84629,80.933125
INC00742,LOC0045,Chandigarh Site 3,Chandigarh,Chandigarh,India,30.77176,76.815122
INC00743,LOC0005,Chennai Site 1,Chennai,Tamil Nadu,India,13.081356,80.202456
INC00744,LOC0002,Mumbai Site 1,Mumbai,Maharashtra,India,19.136036,72.952945
INC00745,LOC0086,Patna Site 6,Patna,Bihar,India,25.541717,85.173286
INC00746,LOC0045,Chandigarh Site 3,Chandigarh,Chandigarh,India,30.77176,76.815122
INC00747,LOC0008,Ahmedabad Site 1,Ahmedabad,Gujarat,India,23.059901,72.502657
INC00748,LOC0084,Jaipur Site 6,Jaipur,Rajasthan,India,26.986926,75.818096
INC00749,LOC0053,Ahmedabad Site 4,Ahmedabad,Gujarat,India,22.947811,72.554965
INC00750,LOC0035,Chennai Site 3,Chennai,Tamil Nadu,India,13.151338,80.255396
INC00751,LOC0046,Delhi Site 4,Delhi,Delhi,India,28.667131,77.201121
INC00752,LOC0023,Ahmedabad Site 2,Ahmedabad,Gujarat,India,23.031835,72.588895
INC00753,LOC0094,Kolkata Site 7,Kolkata,West Bengal,India,22.587259,88.265942
INC00754,LOC0079,Kolkata Site 6,Kolkata,West Bengal,India,22.583022,88.442519
INC00755,LOC0020,Chennai Site 2,Chennai,Tamil Nadu,India,13.016742,80.322747
INC00756,LOC0074,Bhubaneswar Site 5,Bhubaneswar,Odisha,India,20.247132,85.813237
INC00757,LOC0018,Bengaluru Site 2,Bengaluru,Karnataka,India,13.020878,77.684918
INC00758,LOC0046,Delhi Site 4,Delhi,Delhi,India,28.667131,77.201121
INC00759,LOC0075,Chandigarh Site 5,Chandigarh,Chandigarh,India,30.818578,76.791964
INC00760,LOC0004,Kolkata Site 1,Kolkata,West Bengal,India,22.582827,88.338601
INC00761,LOC0073,Kochi Site 5,Kochi,Kerala,India,9.866165,76.234071
INC00762,LOC0023,Ahmedabad Site 2,Ahmedabad,Gujarat,India,23.031835,72.588895
INC00763,LOC0070,Lucknow Site 5,Lucknow,Uttar Pradesh,India,27.006438,81.179309
INC00764,LOC0050,Chennai Site 4,Chennai,Tamil Nadu,India,13.114682,80.198262
INC00765,LOC0003,Bengaluru Site 1,Bengaluru,Karnataka,India,12.815517,77.490426
INC00766,LOC0077,Mumbai Site 6,Mumbai,Maharashtra,India,18.942025,72.838795
INC00767,LOC0026,Patna Site 2,Patna,Bihar,India,25.61723,85.188103
INC00768,LOC0096,Hyderabad Site 7,Hyderabad,Telangana,India,17.522893,78.472338
INC00769,LOC0084,Jaipur Site 6,Jaipur,Rajasthan,India,26.986926,75.818096
INC00770,LOC0020,Chennai Site 2,Chennai,Tamil Nadu,India,13.016742,80.322747
INC00771,LOC0061,Delhi Site 5,Delhi,Delhi,India,28.53202,77.223342
INC00772,LOC0037,Pune Site 3,Pune,Maharashtra,India,18.446844,73.896473
INC00773,LOC0061,Delhi Site 5,Delhi,Delhi,India,28.53202,77.223342
INC00774,LOC0056,Patna Site 4,Patna,Bihar,India,25.628854,85.156619
INC00775,LOC0030,Chandigarh Site 2,Chandigarh,Chandigarh,India,30.664034,76.856862
INC00776,LOC0066,Hyderabad Site 5,Hyderabad,Telangana,India,17.353815,78.376565
INC00777,LOC0027,Bhopal Site 2,Bhopal,Madhya Pradesh,India,23.143328,77.387026
INC00778,LOC0091,Delhi Site 7,Delhi,Delhi,India,28.71838,77.226551
INC00779,LOC0095,Chennai Site 7,Chennai,Tamil Nadu,India,12.973247,80.402774
INC00780,LOC0017,Mumbai Site 2,Mumbai,Maharashtra,India,19.035021,72.812598
INC00781,LOC0073,Kochi Site 5,Kochi,Kerala,India,9.866165,76.234071
INC00782,LOC0093,Bengaluru Site 7,Bengaluru,Karnataka,India,13.005901,77.71746
INC00783,LOC0013,Kochi Site 1,Kochi,Kerala,India,9.896934,76.239129
INC00784,LOC0074,Bhubaneswar Site 5,Bhubaneswar,Odisha,India,20.247132,85.813237
INC00785,LOC0094,Kolkata Site 7,Kolkata,West Bengal,India,22.587259,88.265942
INC00786,LOC0023,Ahmedabad Site 2,Ahmedabad,Gujarat,India,23.031835,72.588895
INC00787,LOC0059,Bhubaneswar Site 4,Bhubaneswar,Odisha,India,20.314714,85.826248
INC00788,LOC0080,Chennai Site 6,Chennai,Tamil Nadu,India,13.042756,80.175904
INC00789,LOC0034,Kolkata Site 3,Kolkata,West Bengal,India,22.544702,88.326912
INC00790,LOC0024,Jaipur Site 2,Jaipur,Rajasthan,India,26.982114,75.805188
INC00791,LOC0040,Lucknow Site 3,Lucknow,Uttar Pradesh,India,26.896747,80.921452
INC00792,LOC0034,Kolkata Site 3,Kolkata,West Bengal,India,22.544702,88.326912
INC00793,LOC0073,Kochi Site 5,Kochi,Kerala,India,9.866165,76.234071
INC00794,LOC0038,Ahmedabad Site 3,Ahmedabad,Gujarat,India,23.033894,72.626639
INC00795,LOC0038,Ahmedabad Site 3,Ahmedabad,Gujarat,India,23.033894,72.626639
INC00796,LOC0095,Chennai Site 7,Chennai,Tamil Nadu,India,12.973247,80.402774
INC00797,LOC0058,Kochi Site 4,Kochi,Kerala,India,9.93697,76.224941
INC00798,LOC0093,Bengaluru Site 7,Bengaluru,Karnataka,India,13.005901,77.71746
INC00799,LOC0072,Bhopal Site 5,Bhopal,Madhya Pradesh,India,23.089336,77.434017
INC00800,LOC0089,Bhubaneswar Site 6,Bhubaneswar,Odisha,India,20.422427,85.837299
INC00801,LOC0020,Chennai Site 2,Chennai,Tamil Nadu,India,13.016742,80.322747
INC00802,LOC0094,Kolkata Site 7,Kolkata,West Bengal,India,22.587259,88.265942
INC00803,LOC0095,Chennai Site 7,Chennai,Tamil Nadu,India,12.973247,80.402774
INC00804,LOC0005,Chennai Site 1,Chennai,Tamil Nadu,India,13.081356,80.202456
INC00805,LOC0036,Hyderabad Site 3,Hyderabad,Telangana,India,17.282945,78.396037
INC00806,LOC0042,Bhopal Site 3,Bhopal,Madhya Pradesh,India,23.230856,77.382061
INC00807,LOC0042,Bhopal Site 3,Bhopal,Madhya Pradesh,India,23.230856,77.382061
INC00808,LOC0078,Bengaluru Site 6,Bengaluru,Karnataka,India,12.967297,77.736034
INC00809,LOC0070,Lucknow Site 5,Lucknow,Uttar Pradesh,India,27.006438,81.179309
INC00810,LOC0022,Pune Site 2,Pune,Maharashtra,India,18.467159,73.875273
INC00811,LOC0061,Delhi Site 5,Delhi,Delhi,India,28.53202,77.223342
INC00812,LOC0098,Ahmedabad Site 7,Ahmedabad,Gujarat,India,22.933936,72.499822
INC00813,LOC0045,Chandigarh Site 3,Chandigarh,Chandigarh,India,30.77176,76.815122
INC00814,LOC0093,Bengaluru Site 7,Bengaluru,Karnataka,India,13.005901,77.71746
INC00815,LOC0065,Chennai Site 5,Chennai,Tamil Nadu,India,13.03152,80.196574
INC00816,LOC0093,Bengaluru Site 7,Bengaluru,Karnataka,India,13.005901,77.71746
INC00817,LOC0091,Delhi Site 7,Delhi,Delhi,India,28.71838,77.226551
INC00818,LOC0002,Mumbai Site 1,Mumbai,Maharashtra,India,19.136036,72.952945
INC00819,LOC0081,Hyderabad Site 6,Hyderabad,Telangana,India,17.307791,78.428682
INC00820,LOC0019,Kolkata Site 2,Kolkata,West Bengal,India,22.563484,88.296687
INC00821,LOC0083,Ahmedabad Site 6,Ahmedabad,Gujarat,India,23.089579,72.499166
INC00822,LOC0081,Hyderabad Site 6,Hyderabad,Telangana,India,17.307791,78.428682
INC00823,LOC0026,Patna Site 2,Patna,Bihar,India,25.61723,85.188103
INC00824,LOC0007,Pune Site 1,Pune,Maharashtra,India,18.525682,73.946879
INC00825,LOC0042,Bhopal Site 3,Bhopal,Madhya Pradesh,India,23.230856,77.382061
INC00826,LOC0031,Delhi Site 3,Delhi,Delhi,India,28.47927,77.182209
INC00827,LOC0056,Patna Site 4,Patna,Bihar,India,25.628854,85.156619
INC00828,LOC0009,Jaipur Site 1,Jaipur,Rajasthan,India,26.9419,75.710589
INC00829,LOC0005,Chennai Site 1,Chennai,Tamil Nadu,India,13.081356,80.202456
INC00830,LOC0044,Bhubaneswar Site 3,Bhubaneswar,Odisha,India,20.258548,85.8255
INC00831,LOC0077,Mumbai Site 6,Mumbai,Maharashtra,India,18.942025,72.838795
INC00832,LOC0032,Mumbai Site 3,Mumbai,Maharashtra,India,19.08902,72.924598
INC00833,LOC0033,Bengaluru Site 3,Bengaluru,Karnataka,India,13.028498,77.658068
INC00834,LOC0017,Mumbai Site 2,Mumbai,Maharashtra,India,19.035021,72.812598
INC00835,LOC0029,Bhubaneswar Site 2,Bhubaneswar,Odisha,India,20.274089,85.944095
INC00836,LOC0030,Chandigarh Site 2,Chandigarh,Chandigarh,India,30.664034,76.856862
INC00837,LOC0026,Patna Site 2,Patna,Bihar,India,25.61723,85.188103
INC00838,LOC0035,Chennai Site 3,Chennai,Tamil Nadu,India,13.151338,80.255396
INC00839,LOC0029,Bhubaneswar Site 2,Bhubaneswar,Odisha,India,20.274089,85.944095
INC00840,LOC0069,Jaipur Site 5,Jaipur,Rajasthan,India,26.937481,75.85435
INC00841,LOC0034,Kolkata Site 3,Kolkata,West Bengal,India,22.544702,88.326912
INC00842,LOC0076,Delhi Site 6,Delhi,Delhi,India,28.601209,77.126148
INC00843,LOC0061,Delhi Site 5,Delhi,Delhi,India,28.53202,77.223342
INC00844,LOC0065,Chennai Site 5,Chennai,Tamil Nadu,India,13.03152,80.196574
INC00845,LOC0059,Bhubaneswar Site 4,Bhubaneswar,Odisha,India,20.314714,85.826248
INC00846,LOC0093,Bengaluru Site 7,Bengaluru,Karnataka,India,13.005901,77.71746
INC00847,LOC0026,Patna Site 2,Patna,Bihar,India,25.61723,85.188103
INC00848,LOC0099,Jaipur Site 7,Jaipur,Rajasthan,India,26.963866,75.755732
INC00849,LOC0021,Hyderabad Site 2,Hyderabad,Telangana,India,17.44446,78.530152
INC00850,LOC0014,Bhubaneswar Site 1,Bhubaneswar,Odisha,India,20.338685,85.853736
INC00851,LOC0083,Ahmedabad Site 6,Ahmedabad,Gujarat,India,23.089579,72.499166
INC00852,LOC0090,Chandigarh Site 6,Chandigarh,Chandigarh,India,30.723809,76.802266
INC00853,LOC0010,Lucknow Site 1,Lucknow,Uttar Pradesh,India,26.916976,80.942206
INC00854,LOC0060,Chandigarh Site 4,Chandigarh,Chandigarh,India,30.861442,76.760252
INC00855,LOC0052,Pune Site 4,Pune,Maharashtra,India,18.491899,73.915701
INC00856,LOC0023,Ahmedabad Site 2,Ahmedabad,Gujarat,India,23.031835,72.588895
INC00857,LOC0053,Ahmedabad Site 4,Ahmedabad,Gujarat,India,22.947811,72.554965
INC00858,LOC0069,Jaipur Site 5,Jaipur,Rajasthan,India,26.937481,75.85435
INC00859,LOC0058,Kochi Site 4,Kochi,Kerala,India,9.93697,76.224941
INC00860,LOC0052,Pune Site 4,Pune,Maharashtra,India,18.491899,73.915701
INC00861,LOC0089,Bhubaneswar Site 6,Bhubaneswar,Odisha,India,20.422427,85.837299
INC00862,LOC0023,Ahmedabad Site 2,Ahmedabad,Gujarat,India,23.031835,72.588895
INC00863,LOC0063,Bengaluru Site 5,Bengaluru,Karnataka,India,13.038409,77.62315
INC00864,LOC0032,Mumbai Site 3,Mumbai,Maharashtra,India,19.08902,72.924598
INC00865,LOC0098,Ahmedabad Site 7,Ahmedabad,Gujarat,India,22.933936,72.499822
INC00866,LOC0026,Patna Site 2,Patna,Bihar,India,25.61723,85.188103
INC00867,LOC0088,Kochi Site 6,Kochi,Kerala,India,9.828965,76.281107
INC00868,LOC0064,Kolkata Site 5,Kolkata,West Bengal,India,22.689664,88.268799
INC00869,LOC0022,Pune Site 2,Pune,Maharashtra,India,18.467159,73.875273
INC00870,LOC0076,Delhi Site 6,Delhi,Delhi,India,28.601209,77.126148
INC00871,LOC0025,Lucknow Site 2,Lucknow,Uttar Pradesh,India,26.901013,80.951606
INC00872,LOC0027,Bhopal Site 2,Bhopal,Madhya Pradesh,India,23.143328,77.387026
INC00873,LOC0035,Chennai Site 3,Chennai,Tamil Nadu,India,13.151338,80.255396
INC00874,LOC0069,Jaipur Site 5,Jaipur,Rajasthan,India,26.937481,75.85435
INC00875,LOC0040,Lucknow Site 3,Lucknow,Uttar Pradesh,India,26.896747,80.921452
INC00876,LOC0057,Bhopal Site 4,Bhopal,Madhya Pradesh,India,23.212368,77.296915
INC00877,LOC0056,Patna Site 4,Patna,Bihar,India,25.628854,85.156619
INC00878,LOC0020,Chennai Site 2,Chennai,Tamil Nadu,India,13.016742,80.322747
INC00879,LOC0024,Jaipur Site 2,Jaipur,Rajasthan,India,26.982114,75.805188
INC00880,LOC0031,Delhi Site 3,Delhi,Delhi,India,28.47927,77.182209
INC00881,LOC0023,Ahmedabad Site 2,Ahmedabad,Gujarat,India,23.031835,72.588895
INC00882,LOC0092,Mumbai Site 7,Mumbai,Maharashtra,India,19.043126,72.966203
INC00883,LOC0039,Jaipur Site 3,Jaipur,Rajasthan,India,26.87822,75.799983
INC00884,LOC0041,Patna Site 3,Patna,Bihar,India,25.630642,85.084646
INC00885,LOC0068,Ahmedabad Site 5,Ahmedabad,Gujarat,India,22.904835,72.490154
INC00886,LOC0079,Kolkata Site 6,Kolkata,West Bengal,India,22.583022,88.442519
INC00887,LOC0069,Jaipur Site 5,Jaipur,Rajasthan,India,26.937481,75.85435
INC00888,LOC0056,Patna Site 4,Patna,Bihar,India,25.628854,85.156619
INC00889,LOC0098,Ahmedabad Site 7,Ahmedabad,Gujarat,India,22.933936,72.499822
INC00890,LOC0090,Chandigarh Site 6,Chandigarh,Chandigarh,India,30.723809,76.802266
INC00891,LOC0021,Hyderabad Site 2,Hyderabad,Telangana,India,17.44446,78.530152
INC00892,LOC0017,Mumbai Site 2,Mumbai,Maharashtra,India,19.035021,72.812598
INC00893,LOC0040,Lucknow Site 3,Lucknow,Uttar Pradesh,India,26.896747,80.921452
INC00894,LOC0084,Jaipur Site 6,Jaipur,Rajasthan,India,26.986926,75.818096
INC00895,LOC0097,Pune Site 7,Pune,Maharashtra,India,18.489745,73.973616
INC00896,LOC0071,Patna Site 5,Patna,Bihar,India,25.627253,85.058437
INC00897,LOC0070,Lucknow Site 5,Lucknow,Uttar Pradesh,India,27.006438,81.179309
INC00898,LOC0024,Jaipur Site 2,Jaipur,Rajasthan,India,26.982114,75.805188
INC00899,LOC0060,Chandigarh Site 4,Chandigarh,Chandigarh,India,30.861442,76.760252
INC00900,LOC0019,Kolkata Site 2,Kolkata,West Bengal,India,22.563484,88.296687
INC00901,LOC0054,Jaipur Site 4,Jaipur,Rajasthan,India,26.836398,75.760177
INC00902,LOC0020,Chennai Site 2,Chennai,Tamil Nadu,India,13.016742,80.322747
INC00903,LOC0008,Ahmedabad Site 1,Ahmedabad,Gujarat,India,23.059901,72.502657
INC00904,LOC0097,Pune Site 7,Pune,Maharashtra,India,18.489745,73.973616
INC00905,LOC0090,Chandigarh Site 6,Chandigarh,Chandigarh,India,30.723809,76.802266
INC00906,LOC0069,Jaipur Site 5,Jaipur,Rajasthan,India,26.937481,75.85435
INC00907,LOC0063,Bengaluru Site 5,Bengaluru,Karnataka,India,13.038409,77.62315
INC00908,LOC0024,Jaipur Site 2,Jaipur,Rajasthan,India,26.982114,75.805188
INC00909,LOC0058,Kochi Site 4,Kochi,Kerala,India,9.93697,76.224941
INC00910,LOC0075,Chandigarh Site 5,Chandigarh,Chandigarh,India,30.818578,76.791964
INC00911,LOC0054,Jaipur Site 4,Jaipur,Rajasthan,India,26.836398,75.760177
INC00912,LOC0029,Bhubaneswar Site 2,Bhubaneswar,Odisha,India,20.274089,85.944095
INC00913,LOC0040,Lucknow Site 3,Lucknow,Uttar Pradesh,India,26.896747,80.921452
INC00914,LOC0085,Lucknow Site 6,Lucknow,Uttar Pradesh,India,26.834169,80.942939
INC00915,LOC0026,Patna Site 2,Patna,Bihar,India,25.61723,85.188103
INC00916,LOC0097,Pune Site 7,Pune,Maharashtra,India,18.489745,73.973616
INC00917,LOC0076,Delhi Site 6,Delhi,Delhi,India,28.601209,77.126148
INC00918,LOC0090,Chandigarh Site 6,Chandigarh,Chandigarh,India,30.723809,76.802266
INC00919,LOC0051,Hyderabad Site 4,Hyderabad,Telangana,India,17.354747,78.590638
INC00920,LOC0023,Ahmedabad Site 2,Ahmedabad,Gujarat,India,23.031835,72.588895
INC00921,LOC0004,Kolkata Site 1,Kolkata,West Bengal,India,22.582827,88.338601
INC00922,LOC0054,Jaipur Site 4,Jaipur,Rajasthan,India,26.836398,75.760177
INC00923,LOC0040,Lucknow Site 3,Lucknow,Uttar Pradesh,India,26.896747,80.921452
INC00924,LOC0012,Bhopal Site 1,Bhopal,Madhya Pradesh,India,23.357703,77.400238
INC00925,LOC0093,Bengaluru Site 7,Bengaluru,Karnataka,India,13.005901,77.71746
INC00926,LOC0098,Ahmedabad Site 7,Ahmedabad,Gujarat,India,22.933936,72.499822
INC00927,LOC0038,Ahmedabad Site 3,Ahmedabad,Gujarat,India,23.033894,72.626639
INC00928,LOC0067,Pune Site 5,Pune,Maharashtra,India,18.571212,73.838922
INC00929,LOC0042,Bhopal Site 3,Bhopal,Madhya Pradesh,India,23.230856,77.382061
INC00930,LOC0050,Chennai Site 4,Chennai,Tamil Nadu,India,13.114682,80.198262
INC00931,LOC0063,Bengaluru Site 5,Bengaluru,Karnataka,India,13.038409,77.62315
INC00932,LOC0042,Bhopal Site 3,Bhopal,Madhya Pradesh,India,23.230856,77.382061
INC00933,LOC0081,Hyderabad Site 6,Hyderabad,Telangana,India,17.307791,78.428682
INC00934,LOC0019,Kolkata Site 2,Kolkata,West Bengal,India,22.563484,88.296687
INC00935,LOC0067,Pune Site 5,Pune,Maharashtra,India,18.571212,73.838922
INC00936,LOC0099,Jaipur Site 7,Jaipur,Rajasthan,India,26.963866,75.755732
INC00937,LOC0086,Patna Site 6,Patna,Bihar,India,25.541717,85.173286
INC00938,LOC0005,Chennai Site 1,Chennai,Tamil Nadu,India,13.081356,80.202456
INC00939,LOC0012,Bhopal Site 1,Bhopal,Madhya Pradesh,India,23.357703,77.400238
INC00940,LOC0063,Bengaluru Site 5,Bengaluru,Karnataka,India,13.038409,77.62315
INC00941,LOC0093,Bengaluru Site 7,Bengaluru,Karnataka,India,13.005901,77.71746
INC00942,LOC0085,Lucknow Site 6,Lucknow,Uttar Pradesh,India,26.834169,80.942939
INC00943,LOC0091,Delhi Site 7,Delhi,Delhi,India,28.71838,77.226551
INC00944,LOC0015,Chandigarh Site 1,Chandigarh,Chandigarh,India,30.766319,76.813866
INC00945,LOC0052,Pune Site 4,Pune,Maharashtra,India,18.491899,73.915701
INC00946,LOC0073,Kochi Site 5,Kochi,Kerala,India,9.866165,76.234071
INC00947,LOC0063,Bengaluru Site 5,Bengaluru,Karnataka,India,13.038409,77.62315
INC00948,LOC0078,Bengaluru Site 6,Bengaluru,Karnataka,India,12.967297,77.736034
INC00949,LOC0022,Pune Site 2,Pune,Maharashtra,India,18.467159,73.875273
INC00950,LOC0046,Delhi Site 4,Delhi,Delhi,India,28.667131,77.201121
INC00951,LOC0045,Chandigarh Site 3,Chandigarh,Chandigarh,India,30.77176,76.815122
INC00952,LOC0094,Kolkata Site 7,Kolkata,West Bengal,India,22.587259,88.265942
INC00953,LOC0021,Hyderabad Site 2,Hyderabad,Telangana,India,17.44446,78.530152
INC00954,LOC0033,Bengaluru Site 3,Bengaluru,Karnataka,India,13.028498,77.658068
INC00955,LOC0003,Bengaluru Site 1,Bengaluru,Karnataka,India,12.815517,77.490426
INC00956,LOC0016,Delhi Site 2,Delhi,Delhi,India,28.785232,77.176487
INC00957,LOC0099,Jaipur Site 7,Jaipur,Rajasthan,India,26.963866,75.755732
INC00958,LOC0085,Lucknow Site 6,Lucknow,Uttar Pradesh,India,26.834169,80.942939
INC00959,LOC0026,Patna Site 2,Patna,Bihar,India,25.61723,85.188103
INC00960,LOC0071,Patna Site 5,Patna,Bihar,India,25.627253,85.058437
INC00961,LOC0060,Chandigarh Site 4,Chandigarh,Chandigarh,India,30.861442,76.760252
INC00962,LOC0091,Delhi Site 7,Delhi,Delhi,India,28.71838,77.226551
INC00963,LOC0031,Delhi Site 3,Delhi,Delhi,India,28.47927,77.182209
INC00964,LOC0100,Lucknow Site 7,Lucknow,Uttar Pradesh,India,26.84629,80.933125
INC00965,LOC0038,Ahmedabad Site 3,Ahmedabad,Gujarat,India,23.033894,72.626639
INC00966,LOC0072,Bhopal Site 5,Bhopal,Madhya Pradesh,India,23.089336,77.434017
INC00967,LOC0040,Lucknow Site 3,Lucknow,Uttar Pradesh,India,26.896747,80.921452
INC00968,LOC0068,Ahmedabad Site 5,Ahmedabad,Gujarat,India,22.904835,72.490154
INC00969,LOC0034,Kolkata Site 3,Kolkata,West Bengal,India,22.544702,88.326912
INC00970,LOC0085,Lucknow Site 6,Lucknow,Uttar Pradesh,India,26.834169,80.942939
INC00971,LOC0064,Kolkata Site 5,Kolkata,West Bengal,India,22.689664,88.268799
INC00972,LOC0029,Bhubaneswar Site 2,Bhubaneswar,Odisha,India,20.274089,85.944095
INC00973,LOC0097,Pune Site 7,Pune,Maharashtra,India,18.489745,73.973616
INC00974,LOC0071,Patna Site 5,Patna,Bihar,India,25.627253,85.058437
INC00975,LOC0043,Kochi Site 3,Kochi,Kerala,India,9.835533,76.306258
INC00976,LOC0014,Bhubaneswar Site 1,Bhubaneswar,Odisha,India,20.338685,85.853736
INC00977,LOC0098,Ahmedabad Site 7,Ahmedabad,Gujarat,India,22.933936,72.499822
INC00978,LOC0076,Delhi Site 6,Delhi,Delhi,India,28.601209,77.126148
INC00979,LOC0067,Pune Site 5,Pune,Maharashtra,India,18.571212,73.838922
INC00980,LOC0084,Jaipur Site 6,Jaipur,Rajasthan,India,26.986926,75.818096
INC00981,LOC0061,Delhi Site 5,Delhi,Delhi,India,28.53202,77.223342
INC00982,LOC0024,Jaipur Site 2,Jaipur,Rajasthan,India,26.982114,75.805188
INC00983,LOC0024,Jaipur Site 2,Jaipur,Rajasthan,India,26.982114,75.805188
INC00984,LOC0008,Ahmedabad Site 1,Ahmedabad,Gujarat,India,23.059901,72.502657
INC00985,LOC0007,Pune Site 1,Pune,Maharashtra,India,18.525682,73.946879
INC00986,LOC0073,Kochi Site 5,Kochi,Kerala,India,9.866165,76.234071
INC00987,LOC0086,Patna Site 6,Patna,Bihar,India,25.541717,85.173286
INC00988,LOC0017,Mumbai Site 2,Mumbai,Maharashtra,India,19.035021,72.812598
INC00989,LOC0058,Kochi Site 4,Kochi,Kerala,India,9.93697,76.224941
INC00990,LOC0013,Kochi Site 1,Kochi,Kerala,India,9.896934,76.239129
INC00991,LOC0042,Bhopal Site 3,Bhopal,Madhya Pradesh,India,23.230856,77.382061
INC00992,LOC0080,Chennai Site 6,Chennai,Tamil Nadu,India,13.042756,80.175904
INC00993,LOC0082,Pune Site 6,Pune,Maharashtra,India,18.690678,73.790989
INC00994,LOC0095,Chennai Site 7,Chennai,Tamil Nadu,India,12.973247,80.402774
INC00995,LOC0032,Mumbai Site 3,Mumbai,Maharashtra,India,19.08902,72.924598
INC00996,LOC0095,Chennai Site 7,Chennai,Tamil Nadu,India,12.973247,80.402774
INC00997,LOC0079,Kolkata Site 6,Kolkata,West Bengal,India,22.583022,88.442519
INC00998,LOC0034,Kolkata Site 3,Kolkata,West Bengal,India,22.544702,88.326912
INC00999,LOC0033,Bengaluru Site 3,Bengaluru,Karnataka,India,13.028498,77.658068
INC01000,LOC0011,Patna Site 1,Patna,Bihar,India,25.579311,85.083126
INC01001,LOC0093,Bengaluru Site 7,Bengaluru,Karnataka,India,13.005901,77.71746
INC01002,LOC0021,Hyderabad Site 2,Hyderabad,Telangana,India,17.44446,78.530152
INC01003,LOC0027,Bhopal Site 2,Bhopal,Madhya Pradesh,India,23.143328,77.387026
INC01004,LOC0042,Bhopal Site 3,Bhopal,Madhya Pradesh,India,23.230856,77.382061
INC01005,LOC0014,Bhubaneswar Site 1,Bhubaneswar,Odisha,India,20.338685,85.853736
INC01006,LOC0081,Hyderabad Site 6,Hyderabad,Telangana,India,17.307791,78.428682
INC01007,LOC0070,Lucknow Site 5,Lucknow,Uttar Pradesh,India,27.006438,81.179309
INC01008,LOC0016,Delhi Site 2,Delhi,Delhi,India,28.785232,77.176487
INC01009,LOC0017,Mumbai Site 2,Mumbai,Maharashtra,India,19.035021,72.812598
INC01010,LOC0003,Bengaluru Site 1,Bengaluru,Karnataka,India,12.815517,77.490426
INC01011,LOC0095,Chennai Site 7,Chennai,Tamil Nadu,India,12.973247,80.402774
INC01012,LOC0044,Bhubaneswar Site 3,Bhubaneswar,Odisha,India,20.258548,85.8255
INC01013,LOC0066,Hyderabad Site 5,Hyderabad,Telangana,India,17.353815,78.376565
INC01014,LOC0015,Chandigarh Site 1,Chandigarh,Chandigarh,India,30.766319,76.813866
INC01015,LOC0024,Jaipur Site 2,Jaipur,Rajasthan,India,26.982114,75.805188
INC01016,LOC0055,Lucknow Site 4,Lucknow,Uttar Pradesh,India,26.913925,80.808014
INC01017,LOC0021,Hyderabad Site 2,Hyderabad,Telangana,India,17.44446,78.530152
INC01018,LOC0062,Mumbai Site 5,Mumbai,Maharashtra,India,19.0936,72.986435
INC01019,LOC0093,Bengaluru Site 7,Bengaluru,Karnataka,India,13.005901,77.71746
INC01020,LOC0031,Delhi Site 3,Delhi,Delhi,India,28.47927,77.182209
INC01021,LOC0061,Delhi Site 5,Delhi,Delhi,India,28.53202,77.223342
INC01022,LOC0092,Mumbai Site 7,Mumbai,Maharashtra,India,19.043126,72.966203
INC01023,LOC0090,Chandigarh Site 6,Chandigarh,Chandigarh,India,30.723809,76.802266
INC01024,LOC0001,Delhi Site 1,Delhi,Delhi,India,28.638277,77.125801
INC01025,LOC0012,Bhopal Site 1,Bhopal,Madhya Pradesh,India,23.357703,77.400238
INC01026,LOC0099,Jaipur Site 7,Jaipur,Rajasthan,India,26.963866,75.755732
INC01027,LOC0093,Bengaluru Site 7,Bengaluru,Karnataka,India,13.005901,77.71746
INC01028,LOC0033,Bengaluru Site 3,Bengaluru,Karnataka,India,13.028498,77.658068
INC01029,LOC0053,Ahmedabad Site 4,Ahmedabad,Gujarat,India,22.947811,72.554965
INC01030,LOC0058,Kochi Site 4,Kochi,Kerala,India,9.93697,76.224941
INC01031,LOC0067,Pune Site 5,Pune,Maharashtra,India,18.571212,73.838922
INC01032,LOC0076,Delhi Site 6,Delhi,Delhi,India,28.601209,77.126148
INC01033,LOC0038,Ahmedabad Site 3,Ahmedabad,Gujarat,India,23.033894,72.626639
INC01034,LOC0089,Bhubaneswar Site 6,Bhubaneswar,Odisha,India,20.422427,85.837299
INC01035,LOC0006,Hyderabad Site 1,Hyderabad,Telangana,India,17.455352,78.548923
INC01036,LOC0004,Kolkata Site 1,Kolkata,West Bengal,India,22.582827,88.338601
INC01037,LOC0096,Hyderabad Site 7,Hyderabad,Telangana,India,17.522893,78.472338
INC01038,LOC0018,Bengaluru Site 2,Bengaluru,Karnataka,India,13.020878,77.684918
INC01039,LOC0100,Lucknow Site 7,Lucknow,Uttar Pradesh,India,26.84629,80.933125
INC01040,LOC0029,Bhubaneswar Site 2,Bhubaneswar,Odisha,India,20.274089,85.944095
INC01041,LOC0037,Pune Site 3,Pune,Maharashtra,India,18.446844,73.896473
INC01042,LOC0003,Bengaluru Site 1,Bengaluru,Karnataka,India,12.815517,77.490426
INC01043,LOC0095,Chennai Site 7,Chennai,Tamil Nadu,India,12.973247,80.402774
INC01044,LOC0036,Hyderabad Site 3,Hyderabad,Telangana,India,17.282945,78.396037
INC01045,LOC0017,Mumbai Site 2,Mumbai,Maharashtra,India,19.035021,72.812598
INC01046,LOC0049,Kolkata Site 4,Kolkata,West Bengal,India,22.466784,88.28412
INC01047,LOC0016,Delhi Site 2,Delhi,Delhi,India,28.785232,77.176487
INC01048,LOC0079,Kolkata Site 6,Kolkata,West Bengal,India,22.583022,88.442519
INC01049,LOC0008,Ahmedabad Site 1,Ahmedabad,Gujarat,India,23.059901,72.502657
INC01050,LOC0050,Chennai Site 4,Chennai,Tamil Nadu,India,13.114682,80.198262
INC01051,LOC0040,Lucknow Site 3,Lucknow,Uttar Pradesh,India,26.896747,80.921452
INC01052,LOC0004,Kolkata Site 1,Kolkata,West Bengal,India,22.582827,88.338601
INC01053,LOC0006,Hyderabad Site 1,Hyderabad,Telangana,India,17.455352,78.548923
INC01054,LOC0052,Pune Site 4,Pune,Maharashtra,India,18.491899,73.915701
INC01055,LOC0040,Lucknow Site 3,Lucknow,Uttar Pradesh,India,26.896747,80.921452
INC01056,LOC0013,Kochi Site 1,Kochi,Kerala,India,9.896934,76.239129
INC01057,LOC0014,Bhubaneswar Site 1,Bhubaneswar,Odisha,India,20.338685,85.853736
INC01058,LOC0081,Hyderabad Site 6,Hyderabad,Telangana,India,17.307791,78.428682
INC01059,LOC0074,Bhubaneswar Site 5,Bhubaneswar,Odisha,India,20.247132,85.813237
INC01060,LOC0061,Delhi Site 5,Delhi,Delhi,India,28.53202,77.223342
INC01061,LOC0084,Jaipur Site 6,Jaipur,Rajasthan,India,26.986926,75.818096
INC01062,LOC0007,Pune Site 1,Pune,Maharashtra,India,18.525682,73.946879
INC01063,LOC0069,Jaipur Site 5,Jaipur,Rajasthan,India,26.937481,75.85435
INC01064,LOC0076,Delhi Site 6,Delhi,Delhi,India,28.601209,77.126148
INC01065,LOC0021,Hyderabad Site 2,Hyderabad,Telangana,India,17.44446,78.530152
INC01066,LOC0054,Jaipur Site 4,Jaipur,Rajasthan,India,26.836398,75.760177
INC01067,LOC0077,Mumbai Site 6,Mumbai,Maharashtra,India,18.942025,72.838795
INC01068,LOC0061,Delhi Site 5,Delhi,Delhi,India,28.53202,77.223342
INC01069,LOC0025,Lucknow Site 2,Lucknow,Uttar Pradesh,India,26.901013,80.951606
INC01070,LOC0067,Pune Site 5,Pune,Maharashtra,India,18.571212,73.838922
INC01071,LOC0076,Delhi Site 6,Delhi,Delhi,India,28.601209,77.126148
INC01072,LOC0001,Delhi Site 1,Delhi,Delhi,India,28.638277,77.125801
INC01073,LOC0057,Bhopal Site 4,Bhopal,Madhya Pradesh,India,23.212368,77.296915
INC01074,LOC0051,Hyderabad Site 4,Hyderabad,Telangana,India,17.354747,78.590638
INC01075,LOC0037,Pune Site 3,Pune,Maharashtra,India,18.446844,73.896473
INC01076,LOC0005,Chennai Site 1,Chennai,Tamil Nadu,India,13.081356,80.202456
INC01077,LOC0009,Jaipur Site 1,Jaipur,Rajasthan,India,26.9419,75.710589
INC01078,LOC0076,Delhi Site 6,Delhi,Delhi,India,28.601209,77.126148
INC01079,LOC0083,Ahmedabad Site 6,Ahmedabad,Gujarat,India,23.089579,72.499166
INC01080,LOC0042,Bhopal Site 3,Bhopal,Madhya Pradesh,India,23.230856,77.382061
INC01081,LOC0094,Kolkata Site 7,Kolkata,West Bengal,India,22.587259,88.265942
INC01082,LOC0093,Bengaluru Site 7,Bengaluru,Karnataka,India,13.005901,77.71746
INC01083,LOC0067,Pune Site 5,Pune,Maharashtra,India,18.571212,73.838922
INC01084,LOC0059,Bhubaneswar Site 4,Bhubaneswar,Odisha,India,20.314714,85.826248
INC01085,LOC0097,Pune Site 7,Pune,Maharashtra,India,18.489745,73.973616
INC01086,LOC0061,Delhi Site 5,Delhi,Delhi,India,28.53202,77.223342
INC01087,LOC0094,Kolkata Site 7,Kolkata,West Bengal,India,22.587259,88.265942
INC01088,LOC0098,Ahmedabad Site 7,Ahmedabad,Gujarat,India,22.933936,72.499822
INC01089,LOC0020,Chennai Site 2,Chennai,Tamil Nadu,India,13.016742,80.322747
INC01090,LOC0067,Pune Site 5,Pune,Maharashtra,India,18.571212,73.838922
INC01091,LOC0074,Bhubaneswar Site 5,Bhubaneswar,Odisha,India,20.247132,85.813237
INC01092,LOC0083,Ahmedabad Site 6,Ahmedabad,Gujarat,India,23.089579,72.499166
INC01093,LOC0035,Chennai Site 3,Chennai,Tamil Nadu,India,13.151338,80.255396
INC01094,LOC0087,Bhopal Site 6,Bhopal,Madhya Pradesh,India,23.223501,77.314552
INC01095,LOC0049,Kolkata Site 4,Kolkata,West Bengal,India,22.466784,88.28412
INC01096,LOC0039,Jaipur Site 3,Jaipur,Rajasthan,India,26.87822,75.799983
INC01097,LOC0016,Delhi Site 2,Delhi,Delhi,India,28.785232,77.176487
INC01098,LOC0033,Bengaluru Site 3,Bengaluru,Karnataka,India,13.028498,77.658068
INC01099,LOC0098,Ahmedabad Site 7,Ahmedabad,Gujarat,India,22.933936,72.499822
INC01100,LOC0072,Bhopal Site 5,Bhopal,Madhya Pradesh,India,23.089336,77.434017
INC01101,LOC0073,Kochi Site 5,Kochi,Kerala,India,9.866165,76.234071
INC01102,LOC0090,Chandigarh Site 6,Chandigarh,Chandigarh,India,30.723809,76.802266
INC01103,LOC0027,Bhopal Site 2,Bhopal,Madhya Pradesh,India,23.143328,77.387026
INC01104,LOC0067,Pune Site 5,Pune,Maharashtra,India,18.571212,73.838922
INC01105,LOC0038,Ahmedabad Site 3,Ahmedabad,Gujarat,India,23.033894,72.626639
INC01106,LOC0085,Lucknow Site 6,Lucknow,Uttar Pradesh,India,26.834169,80.942939
INC01107,LOC0043,Kochi Site 3,Kochi,Kerala,India,9.835533,76.306258
INC01108,LOC0086,Patna Site 6,Patna,Bihar,India,25.541717,85.173286
INC01109,LOC0075,Chandigarh Site 5,Chandigarh,Chandigarh,India,30.818578,76.791964
INC01110,LOC0078,Bengaluru Site 6,Bengaluru,Karnataka,India,12.967297,77.736034
INC01111,LOC0093,Bengaluru Site 7,Bengaluru,Karnataka,India,13.005901,77.71746
INC01112,LOC0080,Chennai Site 6,Chennai,Tamil Nadu,India,13.042756,80.175904
INC01113,LOC0033,Bengaluru Site 3,Bengaluru,Karnataka,India,13.028498,77.658068
INC01114,LOC0053,Ahmedabad Site 4,Ahmedabad,Gujarat,India,22.947811,72.554965
INC01115,LOC0048,Bengaluru Site 4,Bengaluru,Karnataka,India,12.836613,77.478831
INC01116,LOC0007,Pune Site 1,Pune,Maharashtra,India,18.525682,73.946879
INC01117,LOC0060,Chandigarh Site 4,Chandigarh,Chandigarh,India,30.861442,76.760252
INC01118,LOC0044,Bhubaneswar Site 3,Bhubaneswar,Odisha,India,20.258548,85.8255
INC01119,LOC0040,Lucknow Site 3,Lucknow,Uttar Pradesh,India,26.896747,80.921452
INC01120,LOC0011,Patna Site 1,Patna,Bihar,India,25.579311,85.083126
INC01121,LOC0051,Hyderabad Site 4,Hyderabad,Telangana,India,17.354747,78.590638
INC01122,LOC0058,Kochi Site 4,Kochi,Kerala,India,9.93697,76.224941
INC01123,LOC0011,Patna Site 1,Patna,Bihar,India,25.579311,85.083126
INC01124,LOC0064,Kolkata Site 5,Kolkata,West Bengal,India,22.689664,88.268799
INC01125,LOC0017,Mumbai Site 2,Mumbai,Maharashtra,India,19.035021,72.812598
INC01126,LOC0015,Chandigarh Site 1,Chandigarh,Chandigarh,India,30.766319,76.813866
INC01127,LOC0041,Patna Site 3,Patna,Bihar,India,25.630642,85.084646
INC01128,LOC0039,Jaipur Site 3,Jaipur,Rajasthan,India,26.87822,75.799983
INC01129,LOC0092,Mumbai Site 7,Mumbai,Maharashtra,India,19.043126,72.966203
INC01130,LOC0007,Pune Site 1,Pune,Maharashtra,India,18.525682,73.946879
INC01131,LOC0035,Chennai Site 3,Chennai,Tamil Nadu,India,13.151338,80.255396
INC01132,LOC0074,Bhubaneswar Site 5,Bhubaneswar,Odisha,India,20.247132,85.813237
INC01133,LOC0025,Lucknow Site 2,Lucknow,Uttar Pradesh,India,26.901013,80.951606
INC01134,LOC0099,Jaipur Site 7,Jaipur,Rajasthan,India,26.963866,75.755732
INC01135,LOC0075,Chandigarh Site 5,Chandigarh,Chandigarh,India,30.818578,76.791964
INC01136,LOC0095,Chennai Site 7,Chennai,Tamil Nadu,India,12.973247,80.402774
INC01137,LOC0095,Chennai Site 7,Chennai,Tamil Nadu,India,12.973247,80.402774
INC01138,LOC0011,Patna Site 1,Patna,Bihar,India,25.579311,85.083126
INC01139,LOC0046,Delhi Site 4,Delhi,Delhi,India,28.667131,77.201121
INC01140,LOC0075,Chandigarh Site 5,Chandigarh,Chandigarh,India,30.818578,76.791964
INC01141,LOC0001,Delhi Site 1,Delhi,Delhi,India,28.638277,77.125801
INC01142,LOC0046,Delhi Site 4,Delhi,Delhi,India,28.667131,77.201121
INC01143,LOC0069,Jaipur Site 5,Jaipur,Rajasthan,India,26.937481,75.85435
INC01144,LOC0080,Chennai Site 6,Chennai,Tamil Nadu,India,13.042756,80.175904
INC01145,LOC0042,Bhopal Site 3,Bhopal,Madhya Pradesh,India,23.230856,77.382061
INC01146,LOC0087,Bhopal Site 6,Bhopal,Madhya Pradesh,India,23.223501,77.314552
INC01147,LOC0068,Ahmedabad Site 5,Ahmedabad,Gujarat,India,22.904835,72.490154
INC01148,LOC0005,Chennai Site 1,Chennai,Tamil Nadu,India,13.081356,80.202456
INC01149,LOC0028,Kochi Site 2,Kochi,Kerala,India,9.89357,76.21619
INC01150,LOC0094,Kolkata Site 7,Kolkata,West Bengal,India,22.587259,88.265942
INC01151,LOC0001,Delhi Site 1,Delhi,Delhi,India,28.638277,77.125801
INC01152,LOC0011,Patna Site 1,Patna,Bihar,India,25.579311,85.083126
INC01153,LOC0035,Chennai Site 3,Chennai,Tamil Nadu,India,13.151338,80.255396
INC01154,LOC0100,Lucknow Site 7,Lucknow,Uttar Pradesh,India,26.84629,80.933125
INC01155,LOC0071,Patna Site 5,Patna,Bihar,India,25.627253,85.058437
INC01156,LOC0015,Chandigarh Site 1,Chandigarh,Chandigarh,India,30.766319,76.813866
INC01157,LOC0040,Lucknow Site 3,Lucknow,Uttar Pradesh,India,26.896747,80.921452
INC01158,LOC0094,Kolkata Site 7,Kolkata,West Bengal,India,22.587259,88.265942
INC01159,LOC0022,Pune Site 2,Pune,Maharashtra,India,18.467159,73.875273
INC01160,LOC0058,Kochi Site 4,Kochi,Kerala,India,9.93697,76.224941
INC01161,LOC0047,Mumbai Site 4,Mumbai,Maharashtra,India,19.042136,72.871323
INC01162,LOC0077,Mumbai Site 6,Mumbai,Maharashtra,India,18.942025,72.838795
INC01163,LOC0076,Delhi Site 6,Delhi,Delhi,India,28.601209,77.126148
INC01164,LOC0084,Jaipur Site 6,Jaipur,Rajasthan,India,26.986926,75.818096
INC01165,LOC0012,Bhopal Site 1,Bhopal,Madhya Pradesh,India,23.357703,77.400238
INC01166,LOC0046,Delhi Site 4,Delhi,Delhi,India,28.667131,77.201121
INC01167,LOC0070,Lucknow Site 5,Lucknow,Uttar Pradesh,India,27.006438,81.179309
INC01168,LOC0042,Bhopal Site 3,Bhopal,Madhya Pradesh,India,23.230856,77.382061
INC01169,LOC0067,Pune Site 5,Pune,Maharashtra,India,18.571212,73.838922
INC01170,LOC0064,Kolkata Site 5,Kolkata,West Bengal,India,22.689664,88.268799
INC01171,LOC0038,Ahmedabad Site 3,Ahmedabad,Gujarat,India,23.033894,72.626639
INC01172,LOC0011,Patna Site 1,Patna,Bihar,India,25.579311,85.083126
INC01173,LOC0098,Ahmedabad Site 7,Ahmedabad,Gujarat,India,22.933936,72.499822
INC01174,LOC0083,Ahmedabad Site 6,Ahmedabad,Gujarat,India,23.089579,72.499166
INC01175,LOC0090,Chandigarh Site 6,Chandigarh,Chandigarh,India,30.723809,76.802266
INC01176,LOC0030,Chandigarh Site 2,Chandigarh,Chandigarh,India,30.664034,76.856862
INC01177,LOC0032,Mumbai Site 3,Mumbai,Maharashtra,India,19.08902,72.924598
INC01178,LOC0033,Bengaluru Site 3,Bengaluru,Karnataka,India,13.028498,77.658068
INC01179,LOC0004,Kolkata Site 1,Kolkata,West Bengal,India,22.582827,88.338601
INC01180,LOC0017,Mumbai Site 2,Mumbai,Maharashtra,India,19.035021,72.812598
INC01181,LOC0031,Delhi Site 3,Delhi,Delhi,India,28.47927,77.182209
INC01182,LOC0099,Jaipur Site 7,Jaipur,Rajasthan,India,26.963866,75.755732
INC01183,LOC0021,Hyderabad Site 2,Hyderabad,Telangana,India,17.44446,78.530152
INC01184,LOC0051,Hyderabad Site 4,Hyderabad,Telangana,India,17.354747,78.590638
INC01185,LOC0055,Lucknow Site 4,Lucknow,Uttar Pradesh,India,26.913925,80.808014
INC01186,LOC0036,Hyderabad Site 3,Hyderabad,Telangana,India,17.282945,78.396037
INC01187,LOC0092,Mumbai Site 7,Mumbai,Maharashtra,India,19.043126,72.966203
INC01188,LOC0010,Lucknow Site 1,Lucknow,Uttar Pradesh,India,26.916976,80.942206
INC01189,LOC0088,Kochi Site 6,Kochi,Kerala,India,9.828965,76.281107
INC01190,LOC0075,Chandigarh Site 5,Chandigarh,Chandigarh,India,30.818578,76.791964
INC01191,LOC0031,Delhi Site 3,Delhi,Delhi,India,28.47927,77.182209
INC01192,LOC0077,Mumbai Site 6,Mumbai,Maharashtra,India,18.942025,72.838795
INC01193,LOC0043,Kochi Site 3,Kochi,Kerala,India,9.835533,76.306258
INC01194,LOC0098,Ahmedabad Site 7,Ahmedabad,Gujarat,India,22.933936,72.499822
INC01195,LOC0004,Kolkata Site 1,Kolkata,West Bengal,India,22.582827,88.338601
INC01196,LOC0003,Bengaluru Site 1,Bengaluru,Karnataka,India,12.815517,77.490426
INC01197,LOC0055,Lucknow Site 4,Lucknow,Uttar Pradesh,India,26.913925,80.808014
INC01198,LOC0094,Kolkata Site 7,Kolkata,West Bengal,India,22.587259,88.265942
INC01199,LOC0007,Pune Site 1,Pune,Maharashtra,India,18.525682,73.946879
INC01200,LOC0078,Bengaluru Site 6,Bengaluru,Karnataka,India,12.967297,77.736034
INC01201,LOC0094,Kolkata Site 7,Kolkata,West Bengal,India,22.587259,88.265942
INC01202,LOC0049,Kolkata Site 4,Kolkata,West Bengal,India,22.466784,88.28412
INC01203,LOC0087,Bhopal Site 6,Bhopal,Madhya Pradesh,India,23.223501,77.314552
INC01204,LOC0076,Delhi Site 6,Delhi,Delhi,India,28.601209,77.126148
INC01205,LOC0022,Pune Site 2,Pune,Maharashtra,India,18.467159,73.875273
INC01206,LOC0086,Patna Site 6,Patna,Bihar,India,25.541717,85.173286
INC01207,LOC0070,Lucknow Site 5,Lucknow,Uttar Pradesh,India,27.006438,81.179309
INC01208,LOC0002,Mumbai Site 1,Mumbai,Maharashtra,India,19.136036,72.952945
INC01209,LOC0057,Bhopal Site 4,Bhopal,Madhya Pradesh,India,23.212368,77.296915
INC01210,LOC0066,Hyderabad Site 5,Hyderabad,Telangana,India,17.353815,78.376565
INC01211,LOC0081,Hyderabad Site 6,Hyderabad,Telangana,India,17.307791,78.428682
INC01212,LOC0078,Bengaluru Site 6,Bengaluru,Karnataka,India,12.967297,77.736034
INC01213,LOC0048,Bengaluru Site 4,Bengaluru,Karnataka,India,12.836613,77.478831
INC01214,LOC0030,Chandigarh Site 2,Chandigarh,Chandigarh,India,30.664034,76.856862
INC01215,LOC0020,Chennai Site 2,Chennai,Tamil Nadu,India,13.016742,80.322747
INC01216,LOC0009,Jaipur Site 1,Jaipur,Rajasthan,India,26.9419,75.710589
INC01217,LOC0064,Kolkata Site 5,Kolkata,West Bengal,India,22.689664,88.268799
INC01218,LOC0096,Hyderabad Site 7,Hyderabad,Telangana,India,17.522893,78.472338
INC01219,LOC0009,Jaipur Site 1,Jaipur,Rajasthan,India,26.9419,75.710589
INC01220,LOC0071,Patna Site 5,Patna,Bihar,India,25.627253,85.058437
INC01221,LOC0059,Bhubaneswar Site 4,Bhubaneswar,Odisha,India,20.314714,85.826248
INC01222,LOC0018,Bengaluru Site 2,Bengaluru,Karnataka,India,13.020878,77.684918
INC01223,LOC0022,Pune Site 2,Pune,Maharashtra,India,18.467159,73.875273
INC01224,LOC0029,Bhubaneswar Site 2,Bhubaneswar,Odisha,India,20.274089,85.944095
INC01225,LOC0069,Jaipur Site 5,Jaipur,Rajasthan,India,26.937481,75.85435
INC01226,LOC0030,Chandigarh Site 2,Chandigarh,Chandigarh,India,30.664034,76.856862
INC01227,LOC0083,Ahmedabad Site 6,Ahmedabad,Gujarat,India,23.089579,72.499166
INC01228,LOC0037,Pune Site 3,Pune,Maharashtra,India,18.446844,73.896473
INC01229,LOC0011,Patna Site 1,Patna,Bihar,India,25.579311,85.083126
INC01230,LOC0010,Lucknow Site 1,Lucknow,Uttar Pradesh,India,26.916976,80.942206
INC01231,LOC0041,Patna Site 3,Patna,Bihar,India,25.630642,85.084646
INC01232,LOC0041,Patna Site 3,Patna,Bihar,India,25.630642,85.084646
INC01233,LOC0074,Bhubaneswar Site 5,Bhubaneswar,Odisha,India,20.247132,85.813237
INC01234,LOC0048,Bengaluru Site 4,Bengaluru,Karnataka,India,12.836613,77.478831
INC01235,LOC0017,Mumbai Site 2,Mumbai,Maharashtra,India,19.035021,72.812598
INC01236,LOC0022,Pune Site 2,Pune,Maharashtra,India,18.467159,73.875273
INC01237,LOC0057,Bhopal Site 4,Bhopal,Madhya Pradesh,India,23.212368,77.296915
INC01238,LOC0034,Kolkata Site 3,Kolkata,West Bengal,India,22.544702,88.326912
INC01239,LOC0068,Ahmedabad Site 5,Ahmedabad,Gujarat,India,22.904835,72.490154
INC01240,LOC0093,Bengaluru Site 7,Bengaluru,Karnataka,India,13.005901,77.71746
INC01241,LOC0036,Hyderabad Site 3,Hyderabad,Telangana,India,17.282945,78.396037
INC01242,LOC0056,Patna Site 4,Patna,Bihar,India,25.628854,85.156619
INC01243,LOC0084,Jaipur Site 6,Jaipur,Rajasthan,India,26.986926,75.818096
INC01244,LOC0022,Pune Site 2,Pune,Maharashtra,India,18.467159,73.875273
INC01245,LOC0052,Pune Site 4,Pune,Maharashtra,India,18.491899,73.915701
INC01246,LOC0031,Delhi Site 3,Delhi,Delhi,India,28.47927,77.182209
INC01247,LOC0063,Bengaluru Site 5,Bengaluru,Karnataka,India,13.038409,77.62315
INC01248,LOC0075,Chandigarh Site 5,Chandigarh,Chandigarh,India,30.818578,76.791964
INC01249,LOC0015,Chandigarh Site 1,Chandigarh,Chandigarh,India,30.766319,76.813866
INC01250,LOC0019,Kolkata Site 2,Kolkata,West Bengal,India,22.563484,88.296687
INC01251,LOC0003,Bengaluru Site 1,Bengaluru,Karnataka,India,12.815517,77.490426
INC01252,LOC0002,Mumbai Site 1,Mumbai,Maharashtra,India,19.136036,72.952945
INC01253,LOC0006,Hyderabad Site 1,Hyderabad,Telangana,India,17.455352,78.548923
INC01254,LOC0071,Patna Site 5,Patna,Bihar,India,25.627253,85.058437
INC01255,LOC0091,Delhi Site 7,Delhi,Delhi,India,28.71838,77.226551
INC01256,LOC0041,Patna Site 3,Patna,Bihar,India,25.630642,85.084646
INC01257,LOC0089,Bhubaneswar Site 6,Bhubaneswar,Odisha,India,20.422427,85.837299
INC01258,LOC0073,Kochi Site 5,Kochi,Kerala,India,9.866165,76.234071
INC01259,LOC0081,Hyderabad Site 6,Hyderabad,Telangana,India,17.307791,78.428682
INC01260,LOC0074,Bhubaneswar Site 5,Bhubaneswar,Odisha,India,20.247132,85.813237
INC01261,LOC0020,Chennai Site 2,Chennai,Tamil Nadu,India,13.016742,80.322747
INC01262,LOC0053,Ahmedabad Site 4,Ahmedabad,Gujarat,India,22.947811,72.554965
INC01263,LOC0053,Ahmedabad Site 4,Ahmedabad,Gujarat,India,22.947811,72.554965
INC01264,LOC0065,Chennai Site 5,Chennai,Tamil Nadu,India,13.03152,80.196574
INC01265,LOC0080,Chennai Site 6,Chennai,Tamil Nadu,India,13.042756,80.175904
INC01266,LOC0012,Bhopal Site 1,Bhopal,Madhya Pradesh,India,23.357703,77.400238
INC01267,LOC0068,Ahmedabad Site 5,Ahmedabad,Gujarat,India,22.904835,72.490154
INC01268,LOC0084,Jaipur Site 6,Jaipur,Rajasthan,India,26.986926,75.818096
INC01269,LOC0012,Bhopal Site 1,Bhopal,Madhya Pradesh,India,23.357703,77.400238
INC01270,LOC0042,Bhopal Site 3,Bhopal,Madhya Pradesh,India,23.230856,77.382061
INC01271,LOC0090,Chandigarh Site 6,Chandigarh,Chandigarh,India,30.723809,76.802266
INC01272,LOC0003,Bengaluru Site 1,Bengaluru,Karnataka,India,12.815517,77.490426
INC01273,LOC0017,Mumbai Site 2,Mumbai,Maharashtra,India,19.035021,72.812598
INC01274,LOC0081,Hyderabad Site 6,Hyderabad,Telangana,India,17.307791,78.428682
INC01275,LOC0018,Bengaluru Site 2,Bengaluru,Karnataka,India,13.020878,77.684918
INC01276,LOC0071,Patna Site 5,Patna,Bihar,India,25.627253,85.058437
INC01277,LOC0091,Delhi Site 7,Delhi,Delhi,India,28.71838,77.226551
INC01278,LOC0050,Chennai Site 4,Chennai,Tamil Nadu,India,13.114682,80.198262
INC01279,LOC0049,Kolkata Site 4,Kolkata,West Bengal,India,22.466784,88.28412
INC01280,LOC0043,Kochi Site 3,Kochi,Kerala,India,9.835533,76.306258
INC01281,LOC0038,Ahmedabad Site 3,Ahmedabad,Gujarat,India,23.033894,72.626639
INC01282,LOC0039,Jaipur Site 3,Jaipur,Rajasthan,India,26.87822,75.799983
INC01283,LOC0056,Patna Site 4,Patna,Bihar,India,25.628854,85.156619
INC01284,LOC0090,Chandigarh Site 6,Chandigarh,Chandigarh,India,30.723809,76.802266
INC01285,LOC0099,Jaipur Site 7,Jaipur,Rajasthan,India,26.963866,75.755732
INC01286,LOC0087,Bhopal Site 6,Bhopal,Madhya Pradesh,India,23.223501,77.314552
INC01287,LOC0012,Bhopal Site 1,Bhopal,Madhya Pradesh,India,23.357703,77.400238
INC01288,LOC0031,Delhi Site 3,Delhi,Delhi,India,28.47927,77.182209
INC01289,LOC0076,Delhi Site 6,Delhi,Delhi,India,28.601209,77.126148
INC01290,LOC0055,Lucknow Site 4,Lucknow,Uttar Pradesh,India,26.913925,80.808014
INC01291,LOC0034,Kolkata Site 3,Kolkata,West Bengal,India,22.544702,88.326912
INC01292,LOC0032,Mumbai Site 3,Mumbai,Maharashtra,India,19.08902,72.924598
INC01293,LOC0012,Bhopal Site 1,Bhopal,Madhya Pradesh,India,23.357703,77.400238
INC01294,LOC0034,Kolkata Site 3,Kolkata,West Bengal,India,22.544702,88.326912
INC01295,LOC0043,Kochi Site 3,Kochi,Kerala,India,9.835533,76.306258
INC01296,LOC0042,Bhopal Site 3,Bhopal,Madhya Pradesh,India,23.230856,77.382061
INC01297,LOC0055,Lucknow Site 4,Lucknow,Uttar Pradesh,India,26.913925,80.808014
INC01298,LOC0028,Kochi Site 2,Kochi,Kerala,India,9.89357,76.21619
INC01299,LOC0021,Hyderabad Site 2,Hyderabad,Telangana,India,17.44446,78.530152
INC01300,LOC0089,Bhubaneswar Site 6,Bhubaneswar,Odisha,India,20.422427,85.837299
INC01301,LOC0041,Patna Site 3,Patna,Bihar,India,25.630642,85.084646
INC01302,LOC0026,Patna Site 2,Patna,Bihar,India,25.61723,85.188103
INC01303,LOC0064,Kolkata Site 5,Kolkata,West Bengal,India,22.689664,88.268799
INC01304,LOC0055,Lucknow Site 4,Lucknow,Uttar Pradesh,India,26.913925,80.808014
INC01305,LOC0058,Kochi Site 4,Kochi,Kerala,India,9.93697,76.224941
INC01306,LOC0023,Ahmedabad Site 2,Ahmedabad,Gujarat,India,23.031835,72.588895
INC01307,LOC0073,Kochi Site 5,Kochi,Kerala,India,9.866165,76.234071
INC01308,LOC0020,Chennai Site 2,Chennai,Tamil Nadu,India,13.016742,80.322747
INC01309,LOC0084,Jaipur Site 6,Jaipur,Rajasthan,India,26.986926,75.818096
INC01310,LOC0043,Kochi Site 3,Kochi,Kerala,India,9.835533,76.306258
INC01311,LOC0041,Patna Site 3,Patna,Bihar,India,25.630642,85.084646
INC01312,LOC0039,Jaipur Site 3,Jaipur,Rajasthan,India,26.87822,75.799983
INC01313,LOC0043,Kochi Site 3,Kochi,Kerala,India,9.835533,76.306258
INC01314,LOC0067,Pune Site 5,Pune,Maharashtra,India,18.571212,73.838922
INC01315,LOC0050,Chennai Site 4,Chennai,Tamil Nadu,India,13.114682,80.198262
INC01316,LOC0013,Kochi Site 1,Kochi,Kerala,India,9.896934,76.239129
INC01317,LOC0057,Bhopal Site 4,Bhopal,Madhya Pradesh,India,23.212368,77.296915
INC01318,LOC0027,Bhopal Site 2,Bhopal,Madhya Pradesh,India,23.143328,77.387026
INC01319,LOC0011,Patna Site 1,Patna,Bihar,India,25.579311,85.083126
INC01320,LOC0084,Jaipur Site 6,Jaipur,Rajasthan,India,26.986926,75.818096
INC01321,LOC0032,Mumbai Site 3,Mumbai,Maharashtra,India,19.08902,72.924598
INC01322,LOC0060,Chandigarh Site 4,Chandigarh,Chandigarh,India,30.861442,76.760252
INC01323,LOC0018,Bengaluru Site 2,Bengaluru,Karnataka,India,13.020878,77.684918
INC01324,LOC0034,Kolkata Site 3,Kolkata,West Bengal,India,22.544702,88.326912
INC01325,LOC0039,Jaipur Site 3,Jaipur,Rajasthan,India,26.87822,75.799983
INC01326,LOC0014,Bhubaneswar Site 1,Bhubaneswar,Odisha,India,20.338685,85.853736
INC01327,LOC0098,Ahmedabad Site 7,Ahmedabad,Gujarat,India,22.933936,72.499822
INC01328,LOC0032,Mumbai Site 3,Mumbai,Maharashtra,India,19.08902,72.924598
INC01329,LOC0059,Bhubaneswar Site 4,Bhubaneswar,Odisha,India,20.314714,85.826248
INC01330,LOC0057,Bhopal Site 4,Bhopal,Madhya Pradesh,India,23.212368,77.296915
INC01331,LOC0043,Kochi Site 3,Kochi,Kerala,India,9.835533,76.306258
INC01332,LOC0059,Bhubaneswar Site 4,Bhubaneswar,Odisha,India,20.314714,85.826248
INC01333,LOC0057,Bhopal Site 4,Bhopal,Madhya Pradesh,India,23.212368,77.296915
INC01334,LOC0009,Jaipur Site 1,Jaipur,Rajasthan,India,26.9419,75.710589
INC01335,LOC0067,Pune Site 5,Pune,Maharashtra,India,18.571212,73.838922
INC01336,LOC0012,Bhopal Site 1,Bhopal,Madhya Pradesh,India,23.357703,77.400238
INC01337,LOC0044,Bhubaneswar Site 3,Bhubaneswar,Odisha,India,20.258548,85.8255
INC01338,LOC0037,Pune Site 3,Pune,Maharashtra,India,18.446844,73.896473
INC01339,LOC0045,Chandigarh Site 3,Chandigarh,Chandigarh,India,30.77176,76.815122
INC01340,LOC0008,Ahmedabad Site 1,Ahmedabad,Gujarat,India,23.059901,72.502657
INC01341,LOC0071,Patna Site 5,Patna,Bihar,India,25.627253,85.058437
INC01342,LOC0042,Bhopal Site 3,Bhopal,Madhya Pradesh,India,23.230856,77.382061
INC01343,LOC0007,Pune Site 1,Pune,Maharashtra,India,18.525682,73.946879
INC01344,LOC0001,Delhi Site 1,Delhi,Delhi,India,28.638277,77.125801
INC01345,LOC0055,Lucknow Site 4,Lucknow,Uttar Pradesh,India,26.913925,80.808014
INC01346,LOC0067,Pune Site 5,Pune,Maharashtra,India,18.571212,73.838922
INC01347,LOC0055,Lucknow Site 4,Lucknow,Uttar Pradesh,India,26.913925,80.808014
INC01348,LOC0073,Kochi Site 5,Kochi,Kerala,India,9.866165,76.234071
INC01349,LOC0076,Delhi Site 6,Delhi,Delhi,India,28.601209,77.126148
INC01350,LOC0088,Kochi Site 6,Kochi,Kerala,India,9.828965,76.281107
INC01351,LOC0099,Jaipur Site 7,Jaipur,Rajasthan,India,26.963866,75.755732
INC01352,LOC0089,Bhubaneswar Site 6,Bhubaneswar,Odisha,India,20.422427,85.837299
INC01353,LOC0080,Chennai Site 6,Chennai,Tamil Nadu,India,13.042756,80.175904
INC01354,LOC0044,Bhubaneswar Site 3,Bhubaneswar,Odisha,India,20.258548,85.8255
INC01355,LOC0051,Hyderabad Site 4,Hyderabad,Telangana,India,17.354747,78.590638
INC01356,LOC0062,Mumbai Site 5,Mumbai,Maharashtra,India,19.0936,72.986435
INC01357,LOC0017,Mumbai Site 2,Mumbai,Maharashtra,India,19.035021,72.812598
INC01358,LOC0068,Ahmedabad Site 5,Ahmedabad,Gujarat,India,22.904835,72.490154
INC01359,LOC0059,Bhubaneswar Site 4,Bhubaneswar,Odisha,India,20.314714,85.826248
INC01360,LOC0053,Ahmedabad Site 4,Ahmedabad,Gujarat,India,22.947811,72.554965
INC01361,LOC0084,Jaipur Site 6,Jaipur,Rajasthan,India,26.986926,75.818096
INC01362,LOC0069,Jaipur Site 5,Jaipur,Rajasthan,India,26.937481,75.85435
INC01363,LOC0094,Kolkata Site 7,Kolkata,West Bengal,India,22.587259,88.265942
INC01364,LOC0098,Ahmedabad Site 7,Ahmedabad,Gujarat,India,22.933936,72.499822
INC01365,LOC0083,Ahmedabad Site 6,Ahmedabad,Gujarat,India,23.089579,72.499166
INC01366,LOC0030,Chandigarh Site 2,Chandigarh,Chandigarh,India,30.664034,76.856862
INC01367,LOC0019,Kolkata Site 2,Kolkata,West Bengal,India,22.563484,88.296687
INC01368,LOC0030,Chandigarh Site 2,Chandigarh,Chandigarh,India,30.664034,76.856862
INC01369,LOC0072,Bhopal Site 5,Bhopal,Madhya Pradesh,India,23.089336,77.434017
INC01370,LOC0087,Bhopal Site 6,Bhopal,Madhya Pradesh,India,23.223501,77.314552
INC01371,LOC0089,Bhubaneswar Site 6,Bhubaneswar,Odisha,India,20.422427,85.837299
INC01372,LOC0069,Jaipur Site 5,Jaipur,Rajasthan,India,26.937481,75.85435
INC01373,LOC0069,Jaipur Site 5,Jaipur,Rajasthan,India,26.937481,75.85435
INC01374,LOC0096,Hyderabad Site 7,Hyderabad,Telangana,India,17.522893,78.472338
INC01375,LOC0069,Jaipur Site 5,Jaipur,Rajasthan,India,26.937481,75.85435
INC01376,LOC0015,Chandigarh Site 1,Chandigarh,Chandigarh,India,30.766319,76.813866
INC01377,LOC0051,Hyderabad Site 4,Hyderabad,Telangana,India,17.354747,78.590638
INC01378,LOC0036,Hyderabad Site 3,Hyderabad,Telangana,India,17.282945,78.396037
INC01379,LOC0064,Kolkata Site 5,Kolkata,West Bengal,India,22.689664,88.268799
INC01380,LOC0064,Kolkata Site 5,Kolkata,West Bengal,India,22.689664,88.268799
INC01381,LOC0030,Chandigarh Site 2,Chandigarh,Chandigarh,India,30.664034,76.856862
INC01382,LOC0030,Chandigarh Site 2,Chandigarh,Chandigarh,India,30.664034,76.856862
INC01383,LOC0009,Jaipur Site 1,Jaipur,Rajasthan,India,26.9419,75.710589
INC01384,LOC0030,Chandigarh Site 2,Chandigarh,Chandigarh,India,30.664034,76.856862
INC01385,LOC0083,Ahmedabad Site 6,Ahmedabad,Gujarat,India,23.089579,72.499166
INC01386,LOC0066,Hyderabad Site 5,Hyderabad,Telangana,India,17.353815,78.376565
INC01387,LOC0095,Chennai Site 7,Chennai,Tamil Nadu,India,12.973247,80.402774
INC01388,LOC0093,Bengaluru Site 7,Bengaluru,Karnataka,India,13.005901,77.71746
INC01389,LOC0086,Patna Site 6,Patna,Bihar,India,25.541717,85.173286
INC01390,LOC0018,Bengaluru Site 2,Bengaluru,Karnataka,India,13.020878,77.684918
INC01391,LOC0034,Kolkata Site 3,Kolkata,West Bengal,India,22.544702,88.326912
INC01392,LOC0006,Hyderabad Site 1,Hyderabad,Telangana,India,17.455352,78.548923
INC01393,LOC0010,Lucknow Site 1,Lucknow,Uttar Pradesh,India,26.916976,80.942206
INC01394,LOC0024,Jaipur Site 2,Jaipur,Rajasthan,India,26.982114,75.805188
INC01395,LOC0029,Bhubaneswar Site 2,Bhubaneswar,Odisha,India,20.274089,85.944095
INC01396,LOC0002,Mumbai Site 1,Mumbai,Maharashtra,India,19.136036,72.952945
INC01397,LOC0085,Lucknow Site 6,Lucknow,Uttar Pradesh,India,26.834169,80.942939
INC01398,LOC0053,Ahmedabad Site 4,Ahmedabad,Gujarat,India,22.947811,72.554965
INC01399,LOC0066,Hyderabad Site 5,Hyderabad,Telangana,India,17.353815,78.376565
INC01400,LOC0066,Hyderabad Site 5,Hyderabad,Telangana,India,17.353815,78.376565
INC01401,LOC0097,Pune Site 7,Pune,Maharashtra,India,18.489745,73.973616
INC01402,LOC0015,Chandigarh Site 1,Chandigarh,Chandigarh,India,30.766319,76.813866
INC01403,LOC0035,Chennai Site 3,Chennai,Tamil Nadu,India,13.151338,80.255396
INC01404,LOC0031,Delhi Site 3,Delhi,Delhi,India,28.47927,77.182209
INC01405,LOC0056,Patna Site 4,Patna,Bihar,India,25.628854,85.156619
INC01406,LOC0053,Ahmedabad Site 4,Ahmedabad,Gujarat,India,22.947811,72.554965
INC01407,LOC0080,Chennai Site 6,Chennai,Tamil Nadu,India,13.042756,80.175904
INC01408,LOC0057,Bhopal Site 4,Bhopal,Madhya Pradesh,India,23.212368,77.296915
INC01409,LOC0024,Jaipur Site 2,Jaipur,Rajasthan,India,26.982114,75.805188
INC01410,LOC0057,Bhopal Site 4,Bhopal,Madhya Pradesh,India,23.212368,77.296915
INC01411,LOC0097,Pune Site 7,Pune,Maharashtra,India,18.489745,73.973616
INC01412,LOC0058,Kochi Site 4,Kochi,Kerala,India,9.93697,76.224941
INC01413,LOC0060,Chandigarh Site 4,Chandigarh,Chandigarh,India,30.861442,76.760252
INC01414,LOC0018,Bengaluru Site 2,Bengaluru,Karnataka,India,13.020878,77.684918
INC01415,LOC0001,Delhi Site 1,Delhi,Delhi,India,28.638277,77.125801
INC01416,LOC0021,Hyderabad Site 2,Hyderabad,Telangana,India,17.44446,78.530152
INC01417,LOC0003,Bengaluru Site 1,Bengaluru,Karnataka,India,12.815517,77.490426
INC01418,LOC0046,Delhi Site 4,Delhi,Delhi,India,28.667131,77.201121
INC01419,LOC0089,Bhubaneswar Site 6,Bhubaneswar,Odisha,India,20.422427,85.837299
INC01420,LOC0045,Chandigarh Site 3,Chandigarh,Chandigarh,India,30.77176,76.815122
INC01421,LOC0065,Chennai Site 5,Chennai,Tamil Nadu,India,13.03152,80.196574
INC01422,LOC0086,Patna Site 6,Patna,Bihar,India,25.541717,85.173286
INC01423,LOC0077,Mumbai Site 6,Mumbai,Maharashtra,India,18.942025,72.838795
INC01424,LOC0066,Hyderabad Site 5,Hyderabad,Telangana,India,17.353815,78.376565
INC01425,LOC0079,Kolkata Site 6,Kolkata,West Bengal,India,22.583022,88.442519
INC01426,LOC0029,Bhubaneswar Site 2,Bhubaneswar,Odisha,India,20.274089,85.944095
INC01427,LOC0043,Kochi Site 3,Kochi,Kerala,India,9.835533,76.306258
INC01428,LOC0040,Lucknow Site 3,Lucknow,Uttar Pradesh,India,26.896747,80.921452
INC01429,LOC0080,Chennai Site 6,Chennai,Tamil Nadu,India,13.042756,80.175904
INC01430,LOC0041,Patna Site 3,Patna,Bihar,India,25.630642,85.084646
INC01431,LOC0094,Kolkata Site 7,Kolkata,West Bengal,India,22.587259,88.265942
INC01432,LOC0019,Kolkata Site 2,Kolkata,West Bengal,India,22.563484,88.296687
INC01433,LOC0018,Bengaluru Site 2,Bengaluru,Karnataka,India,13.020878,77.684918
INC01434,LOC0072,Bhopal Site 5,Bhopal,Madhya Pradesh,India,23.089336,77.434017
INC01435,LOC0077,Mumbai Site 6,Mumbai,Maharashtra,India,18.942025,72.838795
INC01436,LOC0068,Ahmedabad Site 5,Ahmedabad,Gujarat,India,22.904835,72.490154
INC01437,LOC0031,Delhi Site 3,Delhi,Delhi,India,28.47927,77.182209
INC01438,LOC0001,Delhi Site 1,Delhi,Delhi,India,28.638277,77.125801
INC01439,LOC0033,Bengaluru Site 3,Bengaluru,Karnataka,India,13.028498,77.658068
INC01440,LOC0047,Mumbai Site 4,Mumbai,Maharashtra,India,19.042136,72.871323
INC01441,LOC0042,Bhopal Site 3,Bhopal,Madhya Pradesh,India,23.230856,77.382061
INC01442,LOC0093,Bengaluru Site 7,Bengaluru,Karnataka,India,13.005901,77.71746
INC01443,LOC0087,Bhopal Site 6,Bhopal,Madhya Pradesh,India,23.223501,77.314552
INC01444,LOC0078,Bengaluru Site 6,Bengaluru,Karnataka,India,12.967297,77.736034
INC01445,LOC0003,Bengaluru Site 1,Bengaluru,Karnataka,India,12.815517,77.490426
INC01446,LOC0013,Kochi Site 1,Kochi,Kerala,India,9.896934,76.239129
INC01447,LOC0044,Bhubaneswar Site 3,Bhubaneswar,Odisha,India,20.258548,85.8255
INC01448,LOC0063,Bengaluru Site 5,Bengaluru,Karnataka,India,13.038409,77.62315
INC01449,LOC0069,Jaipur Site 5,Jaipur,Rajasthan,India,26.937481,75.85435
INC01450,LOC0030,Chandigarh Site 2,Chandigarh,Chandigarh,India,30.664034,76.856862
INC01451,LOC0012,Bhopal Site 1,Bhopal,Madhya Pradesh,India,23.357703,77.400238
INC01452,LOC0033,Bengaluru Site 3,Bengaluru,Karnataka,India,13.028498,77.658068
INC01453,LOC0080,Chennai Site 6,Chennai,Tamil Nadu,India,13.042756,80.175904
INC01454,LOC0099,Jaipur Site 7,Jaipur,Rajasthan,India,26.963866,75.755732
INC01455,LOC0095,Chennai Site 7,Chennai,Tamil Nadu,India,12.973247,80.402774
INC01456,LOC0060,Chandigarh Site 4,Chandigarh,Chandigarh,India,30.861442,76.760252
INC01457,LOC0010,Lucknow Site 1,Lucknow,Uttar Pradesh,India,26.916976,80.942206
INC01458,LOC0097,Pune Site 7,Pune,Maharashtra,India,18.489745,73.973616
INC01459,LOC0016,Delhi Site 2,Delhi,Delhi,India,28.785232,77.176487
INC01460,LOC0027,Bhopal Site 2,Bhopal,Madhya Pradesh,India,23.143328,77.387026
INC01461,LOC0098,Ahmedabad Site 7,Ahmedabad,Gujarat,India,22.933936,72.499822
INC01462,LOC0051,Hyderabad Site 4,Hyderabad,Telangana,India,17.354747,78.590638
INC01463,LOC0020,Chennai Site 2,Chennai,Tamil Nadu,India,13.016742,80.322747
INC01464,LOC0051,Hyderabad Site 4,Hyderabad,Telangana,India,17.354747,78.590638
INC01465,LOC0008,Ahmedabad Site 1,Ahmedabad,Gujarat,India,23.059901,72.502657
INC01466,LOC0032,Mumbai Site 3,Mumbai,Maharashtra,India,19.08902,72.924598
INC01467,LOC0096,Hyderabad Site 7,Hyderabad,Telangana,India,17.522893,78.472338
INC01468,LOC0030,Chandigarh Site 2,Chandigarh,Chandigarh,India,30.664034,76.856862
INC01469,LOC0090,Chandigarh Site 6,Chandigarh,Chandigarh,India,30.723809,76.802266
INC01470,LOC0055,Lucknow Site 4,Lucknow,Uttar Pradesh,India,26.913925,80.808014
INC01471,LOC0066,Hyderabad Site 5,Hyderabad,Telangana,India,17.353815,78.376565
INC01472,LOC0071,Patna Site 5,Patna,Bihar,India,25.627253,85.058437
INC01473,LOC0056,Patna Site 4,Patna,Bihar,India,25.628854,85.156619
INC01474,LOC0004,Kolkata Site 1,Kolkata,West Bengal,India,22.582827,88.338601
INC01475,LOC0092,Mumbai Site 7,Mumbai,Maharashtra,India,19.043126,72.966203
INC01476,LOC0048,Bengaluru Site 4,Bengaluru,Karnataka,India,12.836613,77.478831
INC01477,LOC0066,Hyderabad Site 5,Hyderabad,Telangana,India,17.353815,78.376565
INC01478,LOC0056,Patna Site 4,Patna,Bihar,India,25.628854,85.156619
INC01479,LOC0066,Hyderabad Site 5,Hyderabad,Telangana,India,17.353815,78.376565
INC01480,LOC0036,Hyderabad Site 3,Hyderabad,Telangana,India,17.282945,78.396037
INC01481,LOC0085,Lucknow Site 6,Lucknow,Uttar Pradesh,India,26.834169,80.942939
INC01482,LOC0023,Ahmedabad Site 2,Ahmedabad,Gujarat,India,23.031835,72.588895
INC01483,LOC0066,Hyderabad Site 5,Hyderabad,Telangana,India,17.353815,78.376565
INC01484,LOC0058,Kochi Site 4,Kochi,Kerala,India,9.93697,76.224941
INC01485,LOC0051,Hyderabad Site 4,Hyderabad,Telangana,India,17.354747,78.590638
INC01486,LOC0003,Bengaluru Site 1,Bengaluru,Karnataka,India,12.815517,77.490426
INC01487,LOC0039,Jaipur Site 3,Jaipur,Rajasthan,India,26.87822,75.799983
INC01488,LOC0005,Chennai Site 1,Chennai,Tamil Nadu,India,13.081356,80.202456
INC01489,LOC0051,Hyderabad Site 4,Hyderabad,Telangana,India,17.354747,78.590638
INC01490,LOC0069,Jaipur Site 5,Jaipur,Rajasthan,India,26.937481,75.85435
INC01491,LOC0053,Ahmedabad Site 4,Ahmedabad,Gujarat,India,22.947811,72.554965
INC01492,LOC0076,Delhi Site 6,Delhi,Delhi,India,28.601209,77.126148
INC01493,LOC0037,Pune Site 3,Pune,Maharashtra,India,18.446844,73.896473
INC01494,LOC0031,Delhi Site 3,Delhi,Delhi,India,28.47927,77.182209
INC01495,LOC0045,Chandigarh Site 3,Chandigarh,Chandigarh,India,30.77176,76.815122
INC01496,LOC0023,Ahmedabad Site 2,Ahmedabad,Gujarat,India,23.031835,72.588895
INC01497,LOC0081,Hyderabad Site 6,Hyderabad,Telangana,India,17.307791,78.428682
INC01498,LOC0081,Hyderabad Site 6,Hyderabad,Telangana,India,17.307791,78.428682
INC01499,LOC0042,Bhopal Site 3,Bhopal,Madhya Pradesh,India,23.230856,77.382061
INC01500,LOC0080,Chennai Site 6,Chennai,Tamil Nadu,India,13.042756,80.175904
